sensor_id,timestamp,temperature,humidity,location,sensor_type
1031,2025-04-09T23:51:05.000Z,33.33,34.37,BuildingB_Floor1,TypeA
1004,2025-04-08T15:26:34.000Z,19.6,47.24,BuildingB_Floor1,TypeC
1013,2025-04-06T02:43:45.000Z,25.28,30.32,BuildingB_Floor1,TypeB
1080,2025-04-10T01:33:43.000Z,17.5,59.01,BuildingA_Floor1,TypeA
1081,2025-04-07T03:15:29.000Z,28.74,48.76,BuildingA_Floor1,TypeA
1022,2025-04-10T13:59:43.000Z,31.88,43.97,BuildingB_Floor2,TypeA
1040,2025-04-09T11:45:47.000Z,18.59,55.32,BuildingA_Floor2,TypeA
1096,2025-04-10T00:49:29.000Z,29.86,65.21,BuildingB_Floor1,TypeB
1054,2025-04-05T20:20:08.000Z,22.07,64.61,BuildingA_Floor2,TypeC
1069,2025-04-07T14:46:41.000Z,24.22,33.01,BuildingB_Floor2,TypeA
1046,2025-04-07T08:40:10.000Z,31.46,69.32,BuildingA_Floor2,TypeB
1035,2025-04-05T22:52:13.000Z,27.8,55.6,BuildingB_Floor1,TypeA
1003,2025-04-07T07:12:47.000Z,21.62,68.63,BuildingA_Floor1,TypeB
1083,2025-04-08T06:44:09.000Z,23.92,30.28,BuildingB_Floor1,TypeC
1034,2025-04-06T01:34:45.000Z,25.07,45.08,BuildingA_Floor1,TypeC
1064,2025-04-10T02:54:45.000Z,16.26,73.72,BuildingA_Floor2,TypeA
1074,2025-04-06T09:31:19.000Z,34.32,55.94,BuildingA_Floor2,TypeA
1076,2025-04-09T10:32:56.000Z,17.48,62.49,BuildingA_Floor2,TypeC
1069,2025-04-06T14:11:14.000Z,22.43,73.19,BuildingB_Floor2,TypeC
1011,2025-04-08T00:03:17.000Z,30.46,76.28,BuildingA_Floor1,TypeB
1060,2025-04-05T21:47:33.000Z,23.1,53.44,BuildingA_Floor1,TypeA
1099,2025-04-10T01:17:41.000Z,30.8,60.35,BuildingB_Floor1,TypeC
1056,2025-04-10T15:35:45.000Z,31.78,43.18,BuildingB_Floor2,TypeA
1016,2025-04-06T14:39:19.000Z,18.98,79.07,BuildingA_Floor2,TypeA
1028,2025-04-09T09:25:40.000Z,16.65,65.16,BuildingA_Floor1,TypeB
1052,2025-04-10T04:02:05.000Z,26.51,43.68,BuildingB_Floor2,TypeB
1002,2025-04-06T20:21:33.000Z,16.42,59.44,BuildingB_Floor1,TypeB
1006,2025-04-07T05:02:18.000Z,33.06,58.64,BuildingB_Floor1,TypeA
1008,2025-04-06T16:01:29.000Z,24.28,73.03,BuildingB_Floor1,TypeC
1051,2025-04-08T21:19:42.000Z,26.62,68.99,BuildingA_Floor2,TypeB
1018,2025-04-06T15:32:49.000Z,18.69,55.38,BuildingA_Floor2,TypeA
1060,2025-04-09T11:29:18.000Z,32.24,34.02,BuildingA_Floor1,TypeA
1030,2025-04-09T23:09:50.000Z,23.32,79.21,BuildingB_Floor1,TypeB
1055,2025-04-07T06:22:02.000Z,31.34,61.18,BuildingB_Floor1,TypeA
1063,2025-04-06T19:21:15.000Z,19.64,38.43,BuildingB_Floor2,TypeB
1049,2025-04-07T11:26:26.000Z,21.69,63.98,BuildingA_Floor1,TypeC
1056,2025-04-07T06:12:01.000Z,19.74,75.49,BuildingB_Floor1,TypeC
1083,2025-04-09T23:12:42.000Z,18.78,36.87,BuildingA_Floor2,TypeA
1003,2025-04-06T02:54:36.000Z,27.67,52.09,BuildingB_Floor2,TypeA
1002,2025-04-10T12:09:15.000Z,25.8,33.24,BuildingB_Floor2,TypeA
1001,2025-04-10T10:42:16.000Z,32.47,59.69,BuildingA_Floor1,TypeA
1094,2025-04-09T08:29:41.000Z,21.58,74.36,BuildingA_Floor1,TypeA
1000,2025-04-09T13:41:40.000Z,18.97,32.81,BuildingA_Floor2,TypeA
1080,2025-04-09T12:44:48.000Z,32.07,58.28,BuildingB_Floor2,TypeB
1043,2025-04-06T16:55:00.000Z,29.35,49.41,BuildingA_Floor2,TypeC
1083,2025-04-07T01:06:51.000Z,27.36,70.34,BuildingA_Floor2,TypeA
1081,2025-04-06T11:47:28.000Z,34.84,77.78,BuildingA_Floor2,TypeA
1072,2025-04-09T07:20:00.000Z,18.98,50.97,BuildingB_Floor2,TypeB
1047,2025-04-06T23:04:11.000Z,28.02,35.01,BuildingA_Floor1,TypeB
1051,2025-04-06T04:23:44.000Z,26.29,68.65,BuildingA_Floor2,TypeA
1041,2025-04-05T19:11:37.000Z,25.94,32.06,BuildingB_Floor2,TypeA
1096,2025-04-08T14:07:48.000Z,19.02,30.75,BuildingA_Floor1,TypeB
1058,2025-04-08T13:13:07.000Z,21.45,61.9,BuildingB_Floor1,TypeC
1064,2025-04-10T00:57:47.000Z,24.82,54.15,BuildingB_Floor2,TypeC
1054,2025-04-08T04:44:49.000Z,25.46,67.11,BuildingB_Floor1,TypeC
1094,2025-04-08T12:39:55.000Z,22.62,63.75,BuildingB_Floor1,TypeB
1073,2025-04-08T01:18:05.000Z,33.43,60.65,BuildingB_Floor2,TypeC
1081,2025-04-08T21:48:21.000Z,17.22,50.58,BuildingB_Floor1,TypeB
1048,2025-04-09T22:43:57.000Z,17.66,60.63,BuildingA_Floor1,TypeC
1016,2025-04-06T01:49:38.000Z,26.86,31.76,BuildingA_Floor2,TypeC
1100,2025-04-07T19:40:46.000Z,20.15,75.23,BuildingA_Floor1,TypeA
1016,2025-04-10T09:17:56.000Z,27.37,60.31,BuildingB_Floor2,TypeA
1020,2025-04-07T16:18:01.000Z,30.32,31.81,BuildingA_Floor1,TypeB
1033,2025-04-10T07:31:27.000Z,20.94,55.95,BuildingB_Floor1,TypeB
1069,2025-04-09T09:28:03.000Z,17.27,51.59,BuildingA_Floor2,TypeC
1031,2025-04-09T07:58:50.000Z,27.54,30.86,BuildingB_Floor2,TypeA
1060,2025-04-08T05:44:44.000Z,18.46,71.19,BuildingB_Floor1,TypeA
1013,2025-04-08T01:50:34.000Z,32.61,41.4,BuildingA_Floor2,TypeB
1099,2025-04-08T07:41:59.000Z,31.39,37.22,BuildingA_Floor1,TypeA
1025,2025-04-05T23:16:34.000Z,19.8,44.73,BuildingB_Floor1,TypeA
1029,2025-04-10T09:32:23.000Z,19.55,50.45,BuildingB_Floor2,TypeB
1014,2025-04-09T14:17:54.000Z,26.82,58.91,BuildingB_Floor2,TypeA
1038,2025-04-06T06:45:02.000Z,27.17,36.14,BuildingA_Floor1,TypeA
1063,2025-04-10T04:16:08.000Z,19.37,33.68,BuildingB_Floor2,TypeB
1010,2025-04-07T17:33:47.000Z,30.05,57.51,BuildingB_Floor2,TypeB
1064,2025-04-10T12:46:28.000Z,20.11,56.26,BuildingB_Floor1,TypeC
1047,2025-04-09T15:31:52.000Z,33.59,52.68,BuildingB_Floor1,TypeB
1085,2025-04-07T04:46:27.000Z,33.27,78.89,BuildingB_Floor1,TypeB
1083,2025-04-09T00:46:03.000Z,33.84,32.13,BuildingB_Floor2,TypeA
1060,2025-04-07T14:30:31.000Z,25.17,79.17,BuildingB_Floor2,TypeC
1016,2025-04-07T16:25:53.000Z,22.2,62.68,BuildingA_Floor2,TypeC
1047,2025-04-08T07:37:43.000Z,23.03,37.9,BuildingA_Floor2,TypeC
1097,2025-04-06T18:29:29.000Z,27.74,53.49,BuildingB_Floor1,TypeB
1033,2025-04-07T00:54:56.000Z,27.4,43.25,BuildingB_Floor2,TypeC
1033,2025-04-10T08:59:33.000Z,32.07,37.96,BuildingB_Floor2,TypeB
1087,2025-04-10T04:37:29.000Z,15.59,58.09,BuildingB_Floor1,TypeC
1045,2025-04-06T18:59:31.000Z,18.95,36.45,BuildingA_Floor1,TypeC
1100,2025-04-08T18:09:11.000Z,33.68,56.02,BuildingB_Floor1,TypeA
1074,2025-04-06T04:19:42.000Z,21.04,61.4,BuildingA_Floor2,TypeB
1043,2025-04-07T21:24:43.000Z,17.03,61.98,BuildingA_Floor1,TypeC
1089,2025-04-07T20:20:16.000Z,20.95,72.17,BuildingB_Floor1,TypeB
1052,2025-04-06T10:40:29.000Z,29.68,54.32,BuildingA_Floor2,TypeB
1066,2025-04-09T15:28:02.000Z,16.42,35.73,BuildingA_Floor1,TypeA
1047,2025-04-09T23:24:22.000Z,30.68,75.86,BuildingB_Floor2,TypeC
1005,2025-04-07T09:07:08.000Z,16.24,47.84,BuildingB_Floor1,TypeB
1088,2025-04-05T22:21:39.000Z,22.68,65.2,BuildingB_Floor1,TypeB
1036,2025-04-08T01:33:54.000Z,15.54,43.75,BuildingA_Floor1,TypeC
1041,2025-04-06T23:54:11.000Z,21.28,60.98,BuildingB_Floor1,TypeC
1013,2025-04-07T09:00:27.000Z,29.06,69.38,BuildingA_Floor2,TypeA
1029,2025-04-08T13:02:30.000Z,19.2,33.83,BuildingA_Floor1,TypeA
1029,2025-04-10T14:56:37.000Z,27.85,66.49,BuildingB_Floor2,TypeB
1100,2025-04-05T22:39:36.000Z,24.32,42.71,BuildingB_Floor2,TypeC
1035,2025-04-09T17:09:41.000Z,27.27,61.27,BuildingA_Floor2,TypeC
1049,2025-04-07T02:22:13.000Z,30.77,39.91,BuildingB_Floor1,TypeB
1021,2025-04-08T04:01:06.000Z,16.68,77.4,BuildingB_Floor1,TypeA
1026,2025-04-08T18:38:48.000Z,17.28,38.24,BuildingB_Floor1,TypeC
1061,2025-04-09T23:28:50.000Z,21.72,46.83,BuildingB_Floor2,TypeC
1084,2025-04-08T04:15:11.000Z,20.4,72.22,BuildingB_Floor2,TypeA
1049,2025-04-10T02:24:48.000Z,33.32,55.78,BuildingA_Floor2,TypeB
1001,2025-04-09T09:48:52.000Z,29.26,41.88,BuildingB_Floor2,TypeC
1063,2025-04-07T20:47:19.000Z,25.83,37.62,BuildingA_Floor1,TypeB
1091,2025-04-09T08:32:52.000Z,32.2,69.52,BuildingA_Floor1,TypeB
1045,2025-04-07T03:32:57.000Z,23.93,56.72,BuildingB_Floor1,TypeC
1027,2025-04-09T05:43:26.000Z,31.02,74.73,BuildingB_Floor1,TypeA
1090,2025-04-08T11:16:55.000Z,32.78,75.94,BuildingB_Floor2,TypeA
1073,2025-04-09T15:58:50.000Z,32.65,50.69,BuildingB_Floor1,TypeC
1083,2025-04-10T00:14:17.000Z,26.12,36.77,BuildingA_Floor2,TypeA
1046,2025-04-10T14:18:47.000Z,25.48,36.59,BuildingA_Floor1,TypeA
1000,2025-04-08T00:42:33.000Z,25.37,61.09,BuildingA_Floor1,TypeA
1100,2025-04-06T05:31:27.000Z,28.07,71.98,BuildingB_Floor2,TypeC
1050,2025-04-06T23:33:42.000Z,19.77,59.0,BuildingB_Floor2,TypeB
1093,2025-04-10T01:32:02.000Z,20.23,57.52,BuildingB_Floor2,TypeC
1033,2025-04-07T15:16:53.000Z,33.87,45.97,BuildingA_Floor2,TypeB
1061,2025-04-06T02:41:58.000Z,29.99,66.75,BuildingB_Floor2,TypeB
1066,2025-04-06T11:49:27.000Z,33.67,78.69,BuildingA_Floor1,TypeC
1057,2025-04-07T23:01:13.000Z,29.63,66.94,BuildingA_Floor2,TypeC
1074,2025-04-09T20:32:43.000Z,21.06,67.44,BuildingB_Floor1,TypeB
1034,2025-04-09T00:17:54.000Z,24.12,77.6,BuildingA_Floor2,TypeC
1010,2025-04-05T19:55:20.000Z,31.03,52.02,BuildingA_Floor2,TypeA
1070,2025-04-09T09:59:13.000Z,29.1,30.95,BuildingB_Floor1,TypeA
1005,2025-04-08T13:51:48.000Z,16.23,67.27,BuildingA_Floor2,TypeC
1002,2025-04-09T08:43:07.000Z,34.55,31.94,BuildingB_Floor1,TypeB
1098,2025-04-09T21:28:35.000Z,22.86,48.64,BuildingB_Floor1,TypeC
1069,2025-04-09T13:23:40.000Z,21.6,78.57,BuildingB_Floor2,TypeC
1031,2025-04-08T20:24:40.000Z,19.94,51.12,BuildingB_Floor2,TypeA
1003,2025-04-08T12:30:00.000Z,34.08,64.27,BuildingA_Floor1,TypeB
1028,2025-04-08T06:18:09.000Z,24.13,56.82,BuildingB_Floor1,TypeA
1094,2025-04-06T07:36:37.000Z,21.15,49.63,BuildingB_Floor1,TypeA
1023,2025-04-07T02:39:01.000Z,17.62,59.92,BuildingB_Floor1,TypeB
1090,2025-04-05T19:22:05.000Z,33.29,35.71,BuildingA_Floor1,TypeB
1083,2025-04-07T05:02:44.000Z,23.25,54.07,BuildingB_Floor1,TypeB
1098,2025-04-10T01:14:19.000Z,23.85,31.18,BuildingB_Floor1,TypeB
1017,2025-04-08T11:47:29.000Z,30.97,68.7,BuildingB_Floor1,TypeB
1040,2025-04-07T06:38:35.000Z,25.24,60.4,BuildingB_Floor2,TypeA
1042,2025-04-07T18:44:32.000Z,32.72,36.38,BuildingA_Floor2,TypeC
1049,2025-04-06T19:19:16.000Z,20.06,40.31,BuildingA_Floor2,TypeC
1000,2025-04-08T03:50:50.000Z,34.21,51.27,BuildingB_Floor1,TypeA
1061,2025-04-08T00:46:34.000Z,23.27,39.45,BuildingA_Floor2,TypeA
1067,2025-04-08T22:07:18.000Z,23.9,79.27,BuildingB_Floor2,TypeB
1039,2025-04-09T11:13:35.000Z,23.54,46.94,BuildingA_Floor1,TypeC
1008,2025-04-07T02:42:41.000Z,15.95,72.26,BuildingB_Floor2,TypeA
1061,2025-04-09T17:26:17.000Z,32.8,60.92,BuildingB_Floor1,TypeC
1077,2025-04-07T22:32:27.000Z,33.02,71.29,BuildingA_Floor1,TypeA
1022,2025-04-06T10:48:25.000Z,22.36,71.28,BuildingA_Floor1,TypeC
1089,2025-04-07T02:59:25.000Z,21.82,62.07,BuildingA_Floor1,TypeA
1088,2025-04-09T15:36:14.000Z,17.65,56.8,BuildingA_Floor2,TypeB
1094,2025-04-10T13:42:28.000Z,18.45,45.36,BuildingB_Floor1,TypeB
1050,2025-04-08T19:41:46.000Z,25.92,49.63,BuildingB_Floor2,TypeA
1075,2025-04-09T09:08:55.000Z,28.32,59.18,BuildingA_Floor1,TypeC
1002,2025-04-06T03:07:12.000Z,33.51,31.56,BuildingA_Floor1,TypeA
1014,2025-04-09T00:27:35.000Z,27.6,37.44,BuildingA_Floor2,TypeB
1081,2025-04-08T07:25:14.000Z,20.58,75.24,BuildingA_Floor2,TypeA
1097,2025-04-07T20:00:15.000Z,16.41,61.03,BuildingA_Floor1,TypeB
1021,2025-04-09T18:50:26.000Z,29.23,66.49,BuildingB_Floor2,TypeA
1069,2025-04-06T12:27:48.000Z,16.52,33.47,BuildingA_Floor1,TypeC
1016,2025-04-06T02:03:17.000Z,21.68,41.84,BuildingA_Floor1,TypeB
1035,2025-04-08T14:57:43.000Z,18.91,65.09,BuildingA_Floor2,TypeA
1081,2025-04-08T12:18:42.000Z,16.8,65.43,BuildingA_Floor2,TypeA
1048,2025-04-08T07:22:52.000Z,21.62,41.86,BuildingA_Floor2,TypeA
1015,2025-04-08T14:08:41.000Z,22.99,43.34,BuildingA_Floor1,TypeA
1027,2025-04-07T04:17:26.000Z,20.0,38.84,BuildingA_Floor2,TypeC
1053,2025-04-09T12:02:10.000Z,31.69,50.98,BuildingA_Floor1,TypeB
1057,2025-04-10T12:30:43.000Z,16.53,55.84,BuildingB_Floor1,TypeA
1056,2025-04-10T10:14:00.000Z,20.34,67.17,BuildingB_Floor2,TypeC
1020,2025-04-06T15:41:41.000Z,25.15,44.13,BuildingB_Floor2,TypeC
1056,2025-04-08T19:35:06.000Z,21.9,72.98,BuildingB_Floor2,TypeA
1063,2025-04-08T03:43:54.000Z,27.36,31.37,BuildingB_Floor2,TypeA
1029,2025-04-09T21:31:00.000Z,27.62,61.99,BuildingA_Floor1,TypeC
1014,2025-04-08T07:00:49.000Z,18.18,46.12,BuildingA_Floor1,TypeB
1008,2025-04-06T08:23:21.000Z,32.08,47.74,BuildingB_Floor2,TypeA
1079,2025-04-07T06:41:16.000Z,33.43,66.07,BuildingB_Floor1,TypeC
1006,2025-04-07T21:52:52.000Z,34.61,44.38,BuildingB_Floor2,TypeC
1017,2025-04-10T06:19:47.000Z,15.79,48.77,BuildingA_Floor1,TypeB
1010,2025-04-09T01:30:06.000Z,15.73,32.85,BuildingA_Floor1,TypeC
1013,2025-04-09T06:43:02.000Z,19.32,43.4,BuildingA_Floor2,TypeA
1026,2025-04-07T14:10:39.000Z,30.05,53.59,BuildingB_Floor1,TypeC
1030,2025-04-06T18:56:45.000Z,34.89,46.74,BuildingB_Floor1,TypeB
1062,2025-04-08T05:05:00.000Z,28.93,42.88,BuildingB_Floor2,TypeB
1037,2025-04-05T16:47:24.000Z,31.65,74.79,BuildingB_Floor1,TypeB
1040,2025-04-09T19:20:30.000Z,31.35,31.51,BuildingB_Floor2,TypeA
1031,2025-04-08T00:20:40.000Z,24.99,37.43,BuildingB_Floor2,TypeA
1098,2025-04-06T13:25:27.000Z,29.77,52.54,BuildingA_Floor1,TypeA
1041,2025-04-06T18:25:59.000Z,31.16,50.87,BuildingA_Floor1,TypeB
1006,2025-04-09T18:57:00.000Z,25.71,43.66,BuildingA_Floor2,TypeA
1050,2025-04-09T21:09:11.000Z,19.67,45.94,BuildingA_Floor2,TypeA
1089,2025-04-09T10:14:27.000Z,21.02,62.37,BuildingA_Floor2,TypeC
1040,2025-04-09T09:07:44.000Z,21.86,62.68,BuildingA_Floor1,TypeA
1066,2025-04-09T14:58:23.000Z,34.22,43.19,BuildingA_Floor2,TypeA
1048,2025-04-10T12:16:18.000Z,20.81,32.52,BuildingA_Floor1,TypeC
1031,2025-04-09T09:00:28.000Z,33.68,75.05,BuildingB_Floor1,TypeC
1055,2025-04-05T18:37:06.000Z,18.91,74.36,BuildingB_Floor1,TypeB
1077,2025-04-06T11:18:02.000Z,34.85,43.97,BuildingB_Floor1,TypeA
1075,2025-04-10T12:25:42.000Z,30.67,33.52,BuildingB_Floor2,TypeA
1080,2025-04-06T21:33:24.000Z,32.68,40.81,BuildingB_Floor1,TypeA
1009,2025-04-06T14:09:57.000Z,34.54,39.75,BuildingB_Floor2,TypeA
1017,2025-04-10T13:12:11.000Z,33.36,44.4,BuildingA_Floor2,TypeB
1082,2025-04-06T22:20:10.000Z,33.3,53.88,BuildingB_Floor2,TypeC
1005,2025-04-09T05:36:33.000Z,34.35,79.19,BuildingA_Floor1,TypeB
1078,2025-04-06T10:07:26.000Z,25.38,74.59,BuildingB_Floor1,TypeA
1073,2025-04-08T16:48:46.000Z,22.48,73.24,BuildingA_Floor1,TypeC
1039,2025-04-09T14:11:22.000Z,32.83,54.21,BuildingB_Floor1,TypeA
1020,2025-04-07T08:27:17.000Z,29.99,74.18,BuildingA_Floor2,TypeB
1085,2025-04-06T20:43:44.000Z,16.82,40.59,BuildingB_Floor2,TypeC
1032,2025-04-06T07:56:10.000Z,26.68,42.94,BuildingA_Floor1,TypeB
1018,2025-04-10T04:34:38.000Z,34.42,63.21,BuildingB_Floor2,TypeA
1097,2025-04-06T02:19:45.000Z,31.65,78.98,BuildingA_Floor1,TypeC
1073,2025-04-07T08:53:09.000Z,20.84,41.66,BuildingA_Floor1,TypeA
1007,2025-04-06T17:48:58.000Z,19.66,33.87,BuildingA_Floor1,TypeC
1050,2025-04-07T08:01:09.000Z,20.0,75.01,BuildingB_Floor2,TypeC
1050,2025-04-07T22:15:53.000Z,33.7,38.98,BuildingB_Floor1,TypeA
1086,2025-04-06T05:08:07.000Z,25.46,50.19,BuildingB_Floor2,TypeA
1083,2025-04-10T07:40:42.000Z,27.18,49.65,BuildingA_Floor1,TypeA
1081,2025-04-06T19:58:02.000Z,23.66,72.32,BuildingB_Floor1,TypeC
1046,2025-04-10T14:40:45.000Z,25.78,36.9,BuildingB_Floor2,TypeA
1010,2025-04-07T08:59:27.000Z,15.6,42.05,BuildingA_Floor2,TypeB
1094,2025-04-09T08:33:48.000Z,29.77,65.01,BuildingB_Floor2,TypeA
1030,2025-04-06T22:28:02.000Z,30.58,77.77,BuildingA_Floor1,TypeA
1036,2025-04-07T09:23:58.000Z,18.26,65.41,BuildingB_Floor1,TypeA
1056,2025-04-06T14:56:49.000Z,30.97,33.77,BuildingB_Floor1,TypeB
1016,2025-04-06T19:04:21.000Z,27.1,64.72,BuildingA_Floor1,TypeC
1065,2025-04-09T02:50:12.000Z,24.58,36.59,BuildingB_Floor1,TypeB
1058,2025-04-08T18:38:29.000Z,29.01,53.7,BuildingA_Floor1,TypeA
1001,2025-04-07T00:29:15.000Z,29.48,56.69,BuildingB_Floor1,TypeA
1067,2025-04-10T10:50:02.000Z,29.28,31.26,BuildingB_Floor1,TypeB
1064,2025-04-06T15:28:18.000Z,19.91,52.63,BuildingB_Floor2,TypeA
1084,2025-04-08T17:25:46.000Z,22.74,51.1,BuildingA_Floor2,TypeC
1039,2025-04-06T09:28:55.000Z,15.5,63.71,BuildingB_Floor1,TypeC
1093,2025-04-06T19:41:42.000Z,24.49,53.45,BuildingA_Floor2,TypeA
1056,2025-04-06T17:09:20.000Z,27.76,50.02,BuildingB_Floor2,TypeC
1065,2025-04-05T23:09:51.000Z,28.13,35.94,BuildingA_Floor1,TypeB
1020,2025-04-07T22:20:27.000Z,22.19,78.27,BuildingA_Floor2,TypeC
1059,2025-04-06T14:01:17.000Z,27.81,32.43,BuildingA_Floor1,TypeC
1004,2025-04-09T05:37:30.000Z,26.97,61.15,BuildingB_Floor2,TypeC
1090,2025-04-09T03:31:54.000Z,25.75,50.68,BuildingB_Floor1,TypeC
1053,2025-04-07T00:16:22.000Z,19.78,41.3,BuildingA_Floor1,TypeC
1074,2025-04-08T18:06:00.000Z,19.74,56.29,BuildingB_Floor2,TypeB
1098,2025-04-05T16:22:28.000Z,26.93,66.47,BuildingB_Floor1,TypeA
1031,2025-04-10T02:09:33.000Z,22.38,35.74,BuildingA_Floor1,TypeA
1008,2025-04-08T08:02:10.000Z,16.81,36.51,BuildingB_Floor2,TypeB
1011,2025-04-08T17:57:25.000Z,29.68,68.85,BuildingB_Floor2,TypeC
1013,2025-04-08T13:49:34.000Z,23.22,45.23,BuildingA_Floor2,TypeA
1077,2025-04-09T16:26:38.000Z,15.42,53.21,BuildingB_Floor2,TypeB
1057,2025-04-09T04:19:12.000Z,33.96,64.34,BuildingB_Floor2,TypeB
1016,2025-04-08T12:22:25.000Z,33.84,31.92,BuildingB_Floor2,TypeC
1044,2025-04-06T09:53:23.000Z,18.61,34.22,BuildingB_Floor2,TypeB
1044,2025-04-07T03:13:21.000Z,30.65,39.9,BuildingB_Floor2,TypeB
1087,2025-04-08T17:53:55.000Z,16.8,61.27,BuildingA_Floor2,TypeC
1083,2025-04-06T01:45:50.000Z,28.71,34.97,BuildingA_Floor2,TypeA
1005,2025-04-08T21:34:25.000Z,15.2,39.2,BuildingA_Floor1,TypeC
1016,2025-04-09T10:48:24.000Z,28.23,77.01,BuildingB_Floor1,TypeB
1079,2025-04-07T15:00:55.000Z,17.92,53.67,BuildingA_Floor1,TypeA
1090,2025-04-09T12:08:44.000Z,22.35,64.98,BuildingA_Floor2,TypeA
1018,2025-04-08T17:17:54.000Z,18.38,52.88,BuildingA_Floor2,TypeB
1059,2025-04-09T03:10:40.000Z,15.54,51.59,BuildingB_Floor2,TypeA
1055,2025-04-09T16:22:37.000Z,19.68,37.25,BuildingB_Floor1,TypeA
1034,2025-04-06T21:45:05.000Z,27.31,73.11,BuildingB_Floor1,TypeC
1061,2025-04-08T05:52:11.000Z,31.92,44.89,BuildingB_Floor1,TypeB
1044,2025-04-07T00:36:26.000Z,17.46,31.89,BuildingB_Floor2,TypeA
1018,2025-04-06T02:28:56.000Z,34.44,73.5,BuildingA_Floor2,TypeC
1051,2025-04-07T16:27:18.000Z,33.27,54.36,BuildingA_Floor1,TypeC
1061,2025-04-07T10:21:19.000Z,25.09,33.56,BuildingB_Floor2,TypeB
1070,2025-04-09T10:37:49.000Z,33.69,71.73,BuildingA_Floor1,TypeC
1072,2025-04-10T08:20:16.000Z,26.22,69.44,BuildingB_Floor1,TypeC
1003,2025-04-09T05:05:25.000Z,18.05,32.34,BuildingB_Floor2,TypeA
1041,2025-04-09T03:25:47.000Z,20.29,51.92,BuildingB_Floor2,TypeC
1028,2025-04-09T17:56:52.000Z,22.15,31.85,BuildingA_Floor2,TypeC
1041,2025-04-09T23:24:47.000Z,31.66,50.24,BuildingB_Floor2,TypeB
1033,2025-04-09T20:43:57.000Z,31.66,63.25,BuildingA_Floor2,TypeA
1024,2025-04-05T22:20:13.000Z,20.64,31.56,BuildingA_Floor1,TypeA
1068,2025-04-06T11:48:48.000Z,20.91,30.6,BuildingA_Floor2,TypeB
1056,2025-04-07T21:51:34.000Z,21.79,30.56,BuildingA_Floor1,TypeC
1066,2025-04-07T22:51:05.000Z,28.25,50.06,BuildingA_Floor1,TypeC
1092,2025-04-06T22:13:13.000Z,34.08,47.57,BuildingB_Floor1,TypeA
1075,2025-04-07T05:29:48.000Z,15.92,40.3,BuildingB_Floor2,TypeC
1077,2025-04-08T06:03:17.000Z,32.52,75.04,BuildingB_Floor1,TypeB
1032,2025-04-07T04:50:15.000Z,31.67,30.15,BuildingA_Floor2,TypeB
1083,2025-04-05T23:25:56.000Z,20.4,38.08,BuildingA_Floor2,TypeB
1071,2025-04-10T01:30:53.000Z,28.4,79.13,BuildingA_Floor1,TypeB
1023,2025-04-10T05:38:49.000Z,15.27,37.47,BuildingA_Floor2,TypeC
1051,2025-04-05T21:30:27.000Z,31.32,40.69,BuildingA_Floor2,TypeA
1073,2025-04-09T17:23:53.000Z,22.11,48.45,BuildingA_Floor2,TypeC
1006,2025-04-09T01:22:12.000Z,15.16,65.19,BuildingB_Floor2,TypeB
1048,2025-04-05T17:37:23.000Z,19.72,78.45,BuildingB_Floor1,TypeA
1071,2025-04-10T09:00:52.000Z,25.93,54.73,BuildingB_Floor2,TypeB
1009,2025-04-07T09:26:47.000Z,24.46,42.4,BuildingA_Floor2,TypeC
1006,2025-04-08T08:24:05.000Z,15.64,74.28,BuildingB_Floor1,TypeB
1067,2025-04-05T17:41:00.000Z,24.39,33.43,BuildingB_Floor2,TypeB
1061,2025-04-06T12:58:52.000Z,27.85,67.6,BuildingB_Floor2,TypeB
1005,2025-04-08T02:50:56.000Z,27.0,71.58,BuildingA_Floor1,TypeC
1060,2025-04-10T09:35:36.000Z,30.56,55.57,BuildingB_Floor1,TypeC
1007,2025-04-09T16:54:13.000Z,31.33,53.19,BuildingB_Floor1,TypeC
1081,2025-04-06T07:32:35.000Z,17.65,52.49,BuildingB_Floor2,TypeC
1082,2025-04-10T07:52:48.000Z,27.89,36.33,BuildingB_Floor2,TypeA
1008,2025-04-07T02:48:09.000Z,17.41,38.24,BuildingA_Floor2,TypeA
1038,2025-04-09T04:06:36.000Z,23.1,71.6,BuildingA_Floor2,TypeC
1077,2025-04-05T23:57:02.000Z,27.1,78.5,BuildingA_Floor1,TypeB
1080,2025-04-06T12:27:05.000Z,22.98,72.37,BuildingA_Floor2,TypeA
1070,2025-04-10T15:34:33.000Z,29.82,57.39,BuildingB_Floor2,TypeC
1052,2025-04-06T00:01:22.000Z,30.19,68.88,BuildingA_Floor2,TypeB
1098,2025-04-06T15:32:13.000Z,17.15,68.82,BuildingA_Floor2,TypeB
1055,2025-04-10T01:25:19.000Z,28.38,33.85,BuildingA_Floor1,TypeB
1095,2025-04-06T11:27:42.000Z,21.28,72.07,BuildingA_Floor2,TypeB
1074,2025-04-10T10:11:12.000Z,15.65,75.65,BuildingA_Floor1,TypeA
1084,2025-04-06T08:32:58.000Z,27.07,45.58,BuildingB_Floor2,TypeA
1075,2025-04-06T01:58:02.000Z,33.55,53.93,BuildingA_Floor2,TypeB
1046,2025-04-08T19:46:03.000Z,21.05,57.35,BuildingA_Floor2,TypeA
1053,2025-04-10T02:08:10.000Z,27.43,39.16,BuildingB_Floor2,TypeB
1029,2025-04-09T00:12:20.000Z,31.96,38.4,BuildingB_Floor1,TypeB
1098,2025-04-10T04:05:25.000Z,20.68,62.33,BuildingB_Floor1,TypeA
1024,2025-04-10T04:34:42.000Z,34.99,69.64,BuildingA_Floor1,TypeC
1035,2025-04-10T15:04:07.000Z,32.43,53.2,BuildingA_Floor1,TypeB
1002,2025-04-08T23:13:32.000Z,18.07,50.57,BuildingB_Floor2,TypeC
1067,2025-04-06T03:42:28.000Z,32.6,32.82,BuildingA_Floor2,TypeB
1090,2025-04-09T11:44:46.000Z,16.27,58.01,BuildingA_Floor2,TypeB
1060,2025-04-07T11:45:43.000Z,33.64,67.06,BuildingA_Floor1,TypeA
1070,2025-04-05T18:38:53.000Z,32.95,41.26,BuildingA_Floor2,TypeC
1086,2025-04-06T15:38:07.000Z,22.35,74.27,BuildingA_Floor2,TypeC
1082,2025-04-06T18:24:31.000Z,22.34,47.58,BuildingB_Floor2,TypeB
1036,2025-04-09T05:54:26.000Z,31.47,34.01,BuildingB_Floor1,TypeB
1017,2025-04-07T16:42:50.000Z,32.51,76.07,BuildingB_Floor1,TypeB
1006,2025-04-06T23:50:58.000Z,30.17,73.54,BuildingA_Floor2,TypeA
1079,2025-04-08T21:55:22.000Z,28.72,30.12,BuildingB_Floor1,TypeC
1006,2025-04-10T07:56:46.000Z,25.58,44.21,BuildingA_Floor2,TypeB
1042,2025-04-08T13:45:14.000Z,19.87,79.28,BuildingB_Floor1,TypeC
1002,2025-04-08T02:53:40.000Z,18.45,51.88,BuildingB_Floor2,TypeB
1066,2025-04-07T08:35:56.000Z,17.85,33.38,BuildingB_Floor2,TypeA
1051,2025-04-08T21:25:45.000Z,26.86,36.05,BuildingA_Floor2,TypeC
1077,2025-04-09T15:59:48.000Z,20.69,61.15,BuildingB_Floor1,TypeC
1041,2025-04-05T18:22:14.000Z,19.68,71.91,BuildingB_Floor1,TypeB
1032,2025-04-06T17:57:48.000Z,27.08,72.86,BuildingA_Floor2,TypeB
1015,2025-04-09T04:54:06.000Z,27.25,69.36,BuildingB_Floor2,TypeA
1058,2025-04-07T22:13:48.000Z,31.61,33.46,BuildingB_Floor2,TypeC
1087,2025-04-08T10:30:11.000Z,29.16,34.42,BuildingA_Floor1,TypeB
1007,2025-04-06T09:40:43.000Z,27.48,60.78,BuildingA_Floor2,TypeA
1056,2025-04-10T15:36:01.000Z,30.42,67.98,BuildingB_Floor2,TypeB
1011,2025-04-05T17:25:34.000Z,16.94,30.09,BuildingA_Floor1,TypeC
1038,2025-04-08T20:56:02.000Z,21.81,79.66,BuildingB_Floor1,TypeC
1070,2025-04-10T08:50:51.000Z,34.34,34.57,BuildingB_Floor2,TypeC
1068,2025-04-08T01:58:34.000Z,23.46,44.12,BuildingB_Floor2,TypeB
1067,2025-04-07T16:28:03.000Z,17.92,74.43,BuildingB_Floor2,TypeB
1074,2025-04-09T08:40:55.000Z,17.86,43.01,BuildingB_Floor2,TypeC
1078,2025-04-09T00:08:03.000Z,21.55,57.03,BuildingB_Floor1,TypeB
1026,2025-04-06T08:45:36.000Z,34.17,37.26,BuildingA_Floor2,TypeA
1052,2025-04-09T12:34:08.000Z,22.1,49.66,BuildingA_Floor2,TypeB
1083,2025-04-10T11:44:26.000Z,30.2,79.43,BuildingA_Floor2,TypeB
1047,2025-04-06T14:31:13.000Z,26.57,65.48,BuildingA_Floor2,TypeB
1065,2025-04-05T17:03:18.000Z,29.61,54.43,BuildingB_Floor2,TypeC
1029,2025-04-05T18:27:06.000Z,30.51,67.17,BuildingA_Floor2,TypeC
1035,2025-04-08T00:43:23.000Z,21.45,72.59,BuildingA_Floor1,TypeB
1099,2025-04-06T07:08:39.000Z,33.33,68.85,BuildingB_Floor1,TypeC
1080,2025-04-08T02:30:33.000Z,21.38,60.46,BuildingB_Floor1,TypeA
1092,2025-04-06T13:58:10.000Z,16.68,69.13,BuildingB_Floor1,TypeB
1044,2025-04-07T18:43:37.000Z,18.69,54.59,BuildingB_Floor2,TypeC
1100,2025-04-08T15:34:08.000Z,21.5,64.22,BuildingB_Floor2,TypeC
1042,2025-04-07T20:35:18.000Z,28.57,69.28,BuildingB_Floor2,TypeC
1027,2025-04-08T01:20:02.000Z,34.86,61.25,BuildingA_Floor2,TypeC
1035,2025-04-08T04:10:29.000Z,33.0,61.31,BuildingA_Floor1,TypeC
1057,2025-04-07T15:06:41.000Z,20.69,32.4,BuildingB_Floor1,TypeC
1095,2025-04-07T12:57:46.000Z,34.5,57.31,BuildingA_Floor1,TypeA
1003,2025-04-08T22:18:58.000Z,17.25,65.73,BuildingA_Floor1,TypeA
1068,2025-04-09T21:04:36.000Z,18.36,33.61,BuildingB_Floor1,TypeA
1069,2025-04-07T18:17:09.000Z,27.53,45.88,BuildingA_Floor1,TypeC
1068,2025-04-08T14:09:51.000Z,27.87,71.61,BuildingA_Floor2,TypeA
1011,2025-04-10T02:27:44.000Z,29.5,66.5,BuildingB_Floor2,TypeB
1081,2025-04-08T09:12:56.000Z,24.69,77.56,BuildingB_Floor2,TypeB
1017,2025-04-08T20:59:27.000Z,26.08,74.92,BuildingB_Floor1,TypeB
1068,2025-04-08T11:00:28.000Z,16.13,56.23,BuildingA_Floor2,TypeC
1100,2025-04-09T08:05:15.000Z,20.97,66.34,BuildingA_Floor2,TypeB
1059,2025-04-07T00:37:42.000Z,27.95,54.07,BuildingB_Floor2,TypeB
1023,2025-04-09T10:37:53.000Z,34.67,78.4,BuildingA_Floor2,TypeA
1085,2025-04-06T03:28:44.000Z,20.98,58.8,BuildingA_Floor2,TypeC
1003,2025-04-07T11:19:32.000Z,17.26,72.88,BuildingB_Floor2,TypeA
1007,2025-04-06T02:57:59.000Z,18.73,40.08,BuildingB_Floor1,TypeC
1088,2025-04-07T15:10:43.000Z,20.9,58.26,BuildingA_Floor1,TypeA
1059,2025-04-07T00:57:56.000Z,25.96,77.93,BuildingA_Floor2,TypeC
1056,2025-04-08T09:49:16.000Z,25.0,39.8,BuildingA_Floor1,TypeB
1025,2025-04-05T19:36:08.000Z,25.17,50.98,BuildingA_Floor2,TypeA
1013,2025-04-07T00:03:39.000Z,22.26,65.69,BuildingA_Floor2,TypeC
1087,2025-04-07T03:34:52.000Z,34.64,49.65,BuildingB_Floor1,TypeA
1056,2025-04-08T06:35:00.000Z,26.88,63.45,BuildingA_Floor2,TypeC
1055,2025-04-09T18:16:37.000Z,31.26,30.83,BuildingA_Floor2,TypeB
1082,2025-04-10T05:39:30.000Z,27.64,73.68,BuildingB_Floor2,TypeA
1047,2025-04-06T11:47:22.000Z,31.67,52.52,BuildingB_Floor1,TypeA
1037,2025-04-07T02:05:56.000Z,16.15,43.06,BuildingA_Floor2,TypeB
1035,2025-04-08T08:28:02.000Z,34.05,72.23,BuildingB_Floor1,TypeC
1006,2025-04-10T08:34:22.000Z,33.5,61.81,BuildingB_Floor1,TypeC
1087,2025-04-08T01:56:42.000Z,25.92,40.49,BuildingB_Floor2,TypeB
1024,2025-04-08T07:47:15.000Z,17.33,75.99,BuildingB_Floor2,TypeA
1056,2025-04-05T17:36:49.000Z,32.13,57.8,BuildingB_Floor1,TypeA
1086,2025-04-07T10:26:37.000Z,23.14,32.5,BuildingB_Floor1,TypeC
1019,2025-04-09T05:21:16.000Z,34.54,41.45,BuildingA_Floor1,TypeC
1100,2025-04-06T15:23:46.000Z,24.86,55.3,BuildingB_Floor1,TypeA
1000,2025-04-09T03:14:59.000Z,19.85,37.31,BuildingA_Floor1,TypeA
1060,2025-04-09T00:25:01.000Z,17.33,59.96,BuildingA_Floor2,TypeA
1088,2025-04-08T11:44:43.000Z,15.2,33.2,BuildingB_Floor2,TypeA
1031,2025-04-08T06:39:09.000Z,18.89,76.17,BuildingA_Floor1,TypeB
1037,2025-04-08T11:50:44.000Z,31.63,70.84,BuildingB_Floor2,TypeB
1096,2025-04-07T05:32:08.000Z,29.04,46.18,BuildingB_Floor1,TypeC
1076,2025-04-06T23:24:29.000Z,16.29,69.59,BuildingB_Floor2,TypeC
1048,2025-04-09T06:57:04.000Z,33.04,46.64,BuildingA_Floor1,TypeC
1041,2025-04-08T00:53:41.000Z,24.78,62.75,BuildingB_Floor1,TypeA
1048,2025-04-06T19:21:35.000Z,23.59,65.76,BuildingB_Floor1,TypeC
1051,2025-04-08T23:13:56.000Z,30.3,38.6,BuildingA_Floor2,TypeA
1042,2025-04-06T10:04:54.000Z,19.58,31.46,BuildingB_Floor1,TypeA
1089,2025-04-08T09:59:40.000Z,31.39,50.26,BuildingB_Floor1,TypeC
1008,2025-04-09T11:40:02.000Z,32.19,70.43,BuildingA_Floor2,TypeC
1066,2025-04-07T06:46:22.000Z,30.2,68.9,BuildingB_Floor1,TypeC
1064,2025-04-07T20:59:29.000Z,31.9,51.34,BuildingB_Floor1,TypeA
1065,2025-04-10T00:02:00.000Z,33.53,49.72,BuildingA_Floor1,TypeC
1041,2025-04-08T17:05:00.000Z,28.29,33.52,BuildingA_Floor1,TypeC
1084,2025-04-08T01:57:15.000Z,30.09,57.18,BuildingA_Floor1,TypeA
1048,2025-04-08T00:53:49.000Z,15.13,42.37,BuildingA_Floor2,TypeA
1037,2025-04-07T10:21:36.000Z,16.32,34.6,BuildingA_Floor2,TypeC
1005,2025-04-08T22:27:39.000Z,32.8,34.43,BuildingB_Floor1,TypeA
1081,2025-04-10T13:34:44.000Z,22.94,52.66,BuildingA_Floor2,TypeA
1054,2025-04-06T08:58:45.000Z,26.49,59.72,BuildingB_Floor2,TypeA
1000,2025-04-08T19:43:03.000Z,20.1,37.82,BuildingB_Floor1,TypeA
1014,2025-04-07T04:41:32.000Z,31.96,54.43,BuildingA_Floor2,TypeB
1067,2025-04-10T15:33:01.000Z,30.39,76.9,BuildingA_Floor1,TypeB
1012,2025-04-10T10:37:52.000Z,18.71,68.21,BuildingA_Floor2,TypeC
1082,2025-04-09T06:12:20.000Z,26.61,79.73,BuildingB_Floor2,TypeA
1069,2025-04-07T11:17:26.000Z,24.95,78.9,BuildingA_Floor1,TypeB
1025,2025-04-07T05:32:59.000Z,19.51,61.99,BuildingB_Floor1,TypeB
1007,2025-04-06T16:43:03.000Z,21.08,46.27,BuildingB_Floor2,TypeB
1100,2025-04-06T11:12:35.000Z,18.76,75.53,BuildingA_Floor1,TypeB
1016,2025-04-05T21:13:57.000Z,31.26,79.83,BuildingA_Floor2,TypeB
1070,2025-04-09T03:39:04.000Z,31.08,62.55,BuildingA_Floor2,TypeC
1056,2025-04-07T03:57:30.000Z,32.01,63.22,BuildingB_Floor1,TypeA
1090,2025-04-08T00:59:21.000Z,24.8,43.74,BuildingA_Floor1,TypeB
1011,2025-04-10T09:25:11.000Z,30.67,33.3,BuildingB_Floor1,TypeB
1088,2025-04-05T18:07:54.000Z,21.83,30.79,BuildingB_Floor2,TypeC
1071,2025-04-09T21:31:45.000Z,26.91,72.69,BuildingA_Floor2,TypeA
1064,2025-04-09T13:28:57.000Z,28.89,37.16,BuildingB_Floor1,TypeC
1089,2025-04-08T03:50:07.000Z,15.06,68.77,BuildingA_Floor1,TypeA
1069,2025-04-08T09:37:32.000Z,27.48,41.34,BuildingA_Floor2,TypeB
1090,2025-04-06T07:10:46.000Z,21.72,75.12,BuildingB_Floor1,TypeB
1019,2025-04-08T07:19:32.000Z,29.95,67.28,BuildingB_Floor2,TypeA
1007,2025-04-08T23:44:55.000Z,18.91,70.65,BuildingA_Floor2,TypeA
1084,2025-04-06T09:54:38.000Z,30.18,66.4,BuildingA_Floor2,TypeC
1070,2025-04-08T09:48:32.000Z,25.81,54.52,BuildingB_Floor1,TypeB
1081,2025-04-10T10:49:08.000Z,27.09,47.3,BuildingB_Floor2,TypeA
1037,2025-04-07T23:11:49.000Z,17.3,33.89,BuildingB_Floor1,TypeA
1091,2025-04-08T18:16:25.000Z,17.64,43.73,BuildingB_Floor1,TypeC
1003,2025-04-06T08:14:34.000Z,21.78,79.22,BuildingB_Floor2,TypeC
1063,2025-04-10T13:53:19.000Z,32.5,61.2,BuildingA_Floor1,TypeC
1083,2025-04-10T04:43:56.000Z,19.8,42.57,BuildingA_Floor2,TypeB
1098,2025-04-06T20:12:10.000Z,24.85,47.61,BuildingA_Floor1,TypeC
1075,2025-04-05T16:56:08.000Z,27.57,53.74,BuildingA_Floor1,TypeB
1082,2025-04-06T09:09:27.000Z,33.49,51.68,BuildingB_Floor2,TypeC
1045,2025-04-07T19:18:20.000Z,25.71,37.89,BuildingA_Floor2,TypeA
1094,2025-04-06T09:37:58.000Z,17.25,70.46,BuildingA_Floor2,TypeC
1096,2025-04-07T03:17:29.000Z,24.23,36.61,BuildingA_Floor1,TypeC
1064,2025-04-07T05:11:11.000Z,31.03,35.37,BuildingA_Floor1,TypeC
1082,2025-04-07T11:04:47.000Z,31.04,59.12,BuildingA_Floor2,TypeA
1026,2025-04-07T01:57:56.000Z,32.81,65.58,BuildingB_Floor1,TypeC
1099,2025-04-07T16:53:28.000Z,33.23,73.46,BuildingA_Floor2,TypeB
1094,2025-04-06T09:50:55.000Z,34.09,69.27,BuildingA_Floor1,TypeC
1054,2025-04-10T03:01:17.000Z,20.74,60.47,BuildingA_Floor1,TypeA
1018,2025-04-08T21:33:03.000Z,21.59,52.75,BuildingB_Floor2,TypeC
1027,2025-04-05T21:23:30.000Z,24.1,58.36,BuildingB_Floor2,TypeB
1059,2025-04-09T06:07:11.000Z,19.26,71.27,BuildingB_Floor2,TypeB
1025,2025-04-10T11:33:40.000Z,33.82,48.27,BuildingA_Floor1,TypeC
1046,2025-04-06T09:21:46.000Z,33.67,62.92,BuildingB_Floor2,TypeB
1092,2025-04-09T20:57:06.000Z,27.02,68.68,BuildingA_Floor2,TypeC
1097,2025-04-10T05:08:43.000Z,24.25,39.02,BuildingA_Floor2,TypeB
1066,2025-04-09T21:08:52.000Z,27.59,39.75,BuildingA_Floor1,TypeB
1056,2025-04-06T06:18:33.000Z,25.09,48.58,BuildingA_Floor2,TypeB
1050,2025-04-05T23:21:10.000Z,15.87,72.8,BuildingA_Floor2,TypeA
1089,2025-04-08T14:22:05.000Z,25.34,69.51,BuildingA_Floor2,TypeB
1098,2025-04-07T20:00:30.000Z,31.31,64.06,BuildingA_Floor2,TypeC
1070,2025-04-07T18:45:55.000Z,22.5,59.53,BuildingB_Floor1,TypeA
1078,2025-04-06T18:28:15.000Z,23.63,41.03,BuildingA_Floor2,TypeC
1048,2025-04-06T17:05:48.000Z,19.59,71.1,BuildingB_Floor2,TypeC
1073,2025-04-08T11:30:15.000Z,24.41,36.49,BuildingB_Floor2,TypeA
1092,2025-04-09T04:43:02.000Z,17.08,36.87,BuildingA_Floor1,TypeC
1003,2025-04-09T00:46:09.000Z,22.52,79.42,BuildingA_Floor1,TypeA
1070,2025-04-06T18:55:39.000Z,31.56,33.85,BuildingB_Floor2,TypeC
1047,2025-04-10T10:22:42.000Z,30.75,74.99,BuildingB_Floor2,TypeA
1004,2025-04-08T14:19:10.000Z,25.58,61.93,BuildingB_Floor1,TypeC
1089,2025-04-06T14:25:24.000Z,18.9,56.26,BuildingB_Floor1,TypeB
1060,2025-04-09T00:43:52.000Z,18.76,40.08,BuildingA_Floor2,TypeC
1086,2025-04-10T02:36:52.000Z,34.78,59.95,BuildingA_Floor1,TypeB
1096,2025-04-08T13:34:50.000Z,34.33,30.27,BuildingB_Floor1,TypeC
1033,2025-04-07T08:23:06.000Z,20.6,56.93,BuildingB_Floor2,TypeB
1067,2025-04-06T22:19:39.000Z,17.65,65.59,BuildingB_Floor1,TypeC
1035,2025-04-08T15:56:18.000Z,34.1,54.26,BuildingA_Floor1,TypeA
1071,2025-04-09T06:40:15.000Z,16.18,34.81,BuildingB_Floor1,TypeA
1071,2025-04-07T02:01:11.000Z,26.88,58.53,BuildingB_Floor1,TypeA
1041,2025-04-06T15:49:20.000Z,16.42,30.3,BuildingA_Floor1,TypeC
1033,2025-04-07T16:06:56.000Z,18.38,60.3,BuildingB_Floor2,TypeB
1097,2025-04-07T09:25:21.000Z,19.17,40.64,BuildingA_Floor2,TypeC
1086,2025-04-10T13:05:39.000Z,16.37,74.32,BuildingB_Floor1,TypeA
1033,2025-04-10T11:17:40.000Z,31.33,50.54,BuildingA_Floor1,TypeC
1049,2025-04-07T12:55:46.000Z,15.48,59.7,BuildingA_Floor1,TypeC
1076,2025-04-06T17:48:17.000Z,24.45,75.78,BuildingA_Floor2,TypeB
1016,2025-04-05T23:26:31.000Z,34.54,48.88,BuildingB_Floor1,TypeB
1054,2025-04-06T01:10:46.000Z,25.82,61.03,BuildingA_Floor2,TypeA
1066,2025-04-10T08:49:40.000Z,32.46,53.9,BuildingA_Floor2,TypeA
1090,2025-04-09T18:33:10.000Z,15.7,41.69,BuildingB_Floor1,TypeB
1093,2025-04-09T16:50:38.000Z,15.34,58.05,BuildingA_Floor1,TypeC
1078,2025-04-10T03:24:17.000Z,29.85,41.36,BuildingB_Floor1,TypeC
1086,2025-04-06T09:48:28.000Z,25.29,73.29,BuildingB_Floor2,TypeA
1091,2025-04-10T12:27:15.000Z,20.5,33.59,BuildingB_Floor2,TypeC
1079,2025-04-06T01:52:15.000Z,32.38,66.46,BuildingA_Floor1,TypeC
1039,2025-04-06T00:46:33.000Z,33.8,35.88,BuildingB_Floor1,TypeA
1032,2025-04-07T06:33:39.000Z,16.56,62.82,BuildingA_Floor2,TypeC
1097,2025-04-07T09:06:05.000Z,30.27,78.4,BuildingB_Floor2,TypeA
1046,2025-04-09T11:45:42.000Z,30.73,48.97,BuildingB_Floor2,TypeB
1005,2025-04-08T07:57:24.000Z,34.56,37.68,BuildingB_Floor2,TypeC
1095,2025-04-10T05:27:52.000Z,26.9,60.77,BuildingB_Floor1,TypeC
1053,2025-04-06T22:41:51.000Z,16.3,71.59,BuildingB_Floor2,TypeA
1085,2025-04-09T01:15:00.000Z,31.02,38.46,BuildingA_Floor2,TypeC
1075,2025-04-07T08:59:01.000Z,34.73,60.88,BuildingA_Floor1,TypeA
1060,2025-04-09T13:22:21.000Z,30.13,30.57,BuildingB_Floor1,TypeA
1076,2025-04-10T09:12:16.000Z,21.04,65.85,BuildingB_Floor1,TypeA
1032,2025-04-10T05:04:50.000Z,16.42,51.75,BuildingA_Floor1,TypeA
1007,2025-04-06T06:05:59.000Z,23.99,74.02,BuildingB_Floor1,TypeC
1099,2025-04-09T17:41:07.000Z,24.31,38.52,BuildingB_Floor1,TypeB
1014,2025-04-06T11:12:19.000Z,21.71,51.86,BuildingA_Floor1,TypeA
1003,2025-04-05T16:51:54.000Z,31.17,77.8,BuildingA_Floor1,TypeB
1053,2025-04-09T01:31:22.000Z,19.31,56.38,BuildingB_Floor1,TypeC
1012,2025-04-06T01:14:34.000Z,32.15,60.77,BuildingB_Floor2,TypeC
1091,2025-04-06T01:14:06.000Z,18.53,73.14,BuildingB_Floor1,TypeC
1066,2025-04-08T04:48:14.000Z,26.99,51.32,BuildingB_Floor2,TypeA
1083,2025-04-10T11:12:51.000Z,16.8,39.09,BuildingB_Floor2,TypeB
1087,2025-04-09T13:49:56.000Z,17.77,67.25,BuildingB_Floor2,TypeB
1049,2025-04-08T07:47:07.000Z,30.81,69.23,BuildingB_Floor2,TypeB
1003,2025-04-09T05:35:57.000Z,20.3,76.71,BuildingA_Floor1,TypeC
1049,2025-04-06T10:58:23.000Z,29.0,55.06,BuildingB_Floor2,TypeB
1069,2025-04-07T01:43:34.000Z,27.96,30.8,BuildingA_Floor1,TypeA
1050,2025-04-08T23:50:33.000Z,33.29,47.03,BuildingA_Floor2,TypeA
1015,2025-04-06T23:05:47.000Z,20.62,41.68,BuildingA_Floor1,TypeC
1090,2025-04-08T01:31:17.000Z,23.96,50.22,BuildingA_Floor2,TypeB
1041,2025-04-06T02:06:16.000Z,34.36,44.76,BuildingB_Floor2,TypeC
1038,2025-04-06T15:01:03.000Z,30.76,32.73,BuildingA_Floor1,TypeB
1033,2025-04-06T17:13:15.000Z,21.57,74.97,BuildingA_Floor2,TypeB
1098,2025-04-08T23:13:10.000Z,22.82,51.39,BuildingB_Floor2,TypeC
1030,2025-04-09T19:46:50.000Z,23.07,74.89,BuildingA_Floor1,TypeA
1041,2025-04-08T06:21:44.000Z,17.5,68.12,BuildingB_Floor1,TypeA
1004,2025-04-10T02:25:52.000Z,18.02,62.42,BuildingB_Floor1,TypeA
1073,2025-04-08T22:36:09.000Z,26.15,77.78,BuildingB_Floor2,TypeA
1087,2025-04-07T16:30:50.000Z,21.15,70.91,BuildingB_Floor1,TypeC
1085,2025-04-09T15:47:56.000Z,26.1,50.22,BuildingA_Floor1,TypeB
1070,2025-04-09T04:43:49.000Z,18.92,68.37,BuildingB_Floor1,TypeC
1092,2025-04-09T23:03:34.000Z,26.83,54.78,BuildingB_Floor1,TypeA
1081,2025-04-09T07:12:10.000Z,30.85,70.23,BuildingB_Floor1,TypeB
1013,2025-04-09T23:11:36.000Z,20.21,51.8,BuildingB_Floor2,TypeB
1007,2025-04-05T19:23:57.000Z,34.48,32.94,BuildingA_Floor2,TypeB
1059,2025-04-07T23:22:28.000Z,17.81,72.28,BuildingB_Floor1,TypeA
1006,2025-04-07T04:30:31.000Z,27.07,33.34,BuildingB_Floor1,TypeA
1037,2025-04-09T14:35:08.000Z,16.41,77.97,BuildingA_Floor1,TypeA
1085,2025-04-10T08:22:58.000Z,29.77,73.32,BuildingB_Floor2,TypeA
1004,2025-04-06T02:17:26.000Z,28.49,75.78,BuildingA_Floor2,TypeB
1059,2025-04-08T00:19:31.000Z,16.84,66.89,BuildingA_Floor1,TypeC
1089,2025-04-05T21:23:22.000Z,18.27,79.89,BuildingA_Floor1,TypeB
1028,2025-04-07T19:37:28.000Z,24.17,38.49,BuildingB_Floor1,TypeC
1001,2025-04-09T09:54:57.000Z,21.52,58.97,BuildingA_Floor2,TypeA
1051,2025-04-07T23:42:52.000Z,23.62,47.03,BuildingB_Floor2,TypeA
1021,2025-04-06T14:56:22.000Z,20.47,39.74,BuildingA_Floor1,TypeC
1027,2025-04-07T23:22:53.000Z,27.73,43.88,BuildingB_Floor2,TypeC
1065,2025-04-05T23:55:50.000Z,22.43,64.31,BuildingB_Floor1,TypeA
1055,2025-04-07T21:06:50.000Z,27.57,48.29,BuildingB_Floor1,TypeB
1090,2025-04-06T13:07:50.000Z,15.71,75.64,BuildingA_Floor1,TypeA
1056,2025-04-06T19:21:33.000Z,27.24,63.37,BuildingB_Floor2,TypeC
1079,2025-04-05T17:55:15.000Z,20.85,70.4,BuildingA_Floor2,TypeB
1045,2025-04-09T21:12:08.000Z,23.24,59.55,BuildingB_Floor2,TypeC
1053,2025-04-09T05:33:55.000Z,24.17,61.75,BuildingA_Floor2,TypeA
1038,2025-04-07T18:40:03.000Z,24.46,63.65,BuildingA_Floor2,TypeC
1044,2025-04-10T04:30:50.000Z,28.41,77.45,BuildingA_Floor2,TypeA
1007,2025-04-07T20:29:19.000Z,26.44,51.8,BuildingA_Floor1,TypeA
1093,2025-04-06T12:54:31.000Z,28.09,68.54,BuildingA_Floor1,TypeB
1027,2025-04-08T13:42:51.000Z,31.36,53.14,BuildingA_Floor2,TypeB
1084,2025-04-08T22:34:57.000Z,25.09,35.41,BuildingA_Floor1,TypeC
1019,2025-04-09T12:23:33.000Z,27.54,75.87,BuildingB_Floor2,TypeA
1037,2025-04-06T01:24:40.000Z,22.86,50.88,BuildingA_Floor2,TypeA
1064,2025-04-06T11:06:51.000Z,24.88,42.08,BuildingB_Floor2,TypeB
1030,2025-04-07T06:34:21.000Z,22.33,49.04,BuildingA_Floor2,TypeC
1009,2025-04-10T11:03:05.000Z,15.56,75.42,BuildingB_Floor2,TypeB
1053,2025-04-07T19:31:53.000Z,22.88,51.52,BuildingA_Floor1,TypeA
1034,2025-04-07T17:17:33.000Z,16.73,64.12,BuildingB_Floor1,TypeC
1084,2025-04-07T16:25:44.000Z,15.18,53.95,BuildingA_Floor2,TypeC
1038,2025-04-09T19:05:54.000Z,20.18,78.1,BuildingB_Floor2,TypeC
1006,2025-04-08T23:22:45.000Z,16.32,56.92,BuildingA_Floor2,TypeC
1052,2025-04-09T22:11:45.000Z,30.95,72.55,BuildingA_Floor2,TypeB
1010,2025-04-09T06:38:43.000Z,31.68,62.6,BuildingB_Floor2,TypeC
1010,2025-04-06T09:14:13.000Z,23.57,38.09,BuildingA_Floor1,TypeA
1002,2025-04-08T06:43:01.000Z,27.33,66.67,BuildingA_Floor2,TypeB
1073,2025-04-09T23:37:07.000Z,23.26,34.03,BuildingA_Floor2,TypeA
1081,2025-04-06T08:14:51.000Z,18.98,69.59,BuildingA_Floor2,TypeA
1034,2025-04-08T22:44:59.000Z,32.91,30.92,BuildingA_Floor2,TypeA
1079,2025-04-05T21:47:53.000Z,21.5,44.56,BuildingA_Floor1,TypeB
1097,2025-04-10T11:34:45.000Z,30.55,30.48,BuildingB_Floor2,TypeC
1037,2025-04-09T17:45:31.000Z,19.28,31.93,BuildingA_Floor1,TypeA
1016,2025-04-08T21:00:19.000Z,32.91,75.32,BuildingA_Floor1,TypeA
1059,2025-04-09T19:08:18.000Z,20.88,42.82,BuildingA_Floor1,TypeB
1004,2025-04-09T14:09:21.000Z,24.14,68.14,BuildingA_Floor2,TypeB
1089,2025-04-09T21:34:37.000Z,34.35,67.55,BuildingB_Floor1,TypeB
1071,2025-04-10T11:08:10.000Z,17.56,35.13,BuildingA_Floor2,TypeB
1059,2025-04-10T06:51:34.000Z,17.11,79.48,BuildingA_Floor1,TypeB
1033,2025-04-09T01:06:27.000Z,20.97,48.95,BuildingA_Floor2,TypeA
1014,2025-04-09T17:01:25.000Z,31.52,48.1,BuildingA_Floor2,TypeA
1079,2025-04-07T21:03:55.000Z,26.19,71.41,BuildingA_Floor2,TypeB
1048,2025-04-07T13:27:04.000Z,18.3,79.38,BuildingB_Floor1,TypeB
1004,2025-04-08T13:18:59.000Z,25.7,58.97,BuildingA_Floor1,TypeB
1067,2025-04-10T02:46:49.000Z,34.94,62.34,BuildingB_Floor2,TypeC
1099,2025-04-07T06:47:48.000Z,26.61,55.23,BuildingA_Floor2,TypeC
1051,2025-04-08T08:51:02.000Z,34.43,62.76,BuildingB_Floor1,TypeB
1037,2025-04-06T03:03:20.000Z,17.16,77.17,BuildingA_Floor2,TypeC
1051,2025-04-06T02:05:49.000Z,16.92,30.58,BuildingA_Floor2,TypeC
1067,2025-04-07T23:54:23.000Z,16.84,80.0,BuildingB_Floor1,TypeA
1036,2025-04-07T18:30:31.000Z,29.02,49.74,BuildingB_Floor2,TypeA
1051,2025-04-08T11:39:57.000Z,15.84,58.35,BuildingA_Floor2,TypeB
1024,2025-04-07T10:02:22.000Z,20.79,38.34,BuildingA_Floor2,TypeA
1000,2025-04-09T00:25:50.000Z,27.77,39.36,BuildingA_Floor2,TypeC
1031,2025-04-06T18:12:15.000Z,18.42,68.93,BuildingA_Floor1,TypeA
1067,2025-04-08T01:10:22.000Z,32.26,57.53,BuildingA_Floor1,TypeC
1062,2025-04-06T19:11:27.000Z,22.47,39.82,BuildingA_Floor1,TypeC
1039,2025-04-09T19:42:14.000Z,23.81,76.24,BuildingA_Floor2,TypeB
1080,2025-04-07T06:58:04.000Z,23.46,64.0,BuildingB_Floor1,TypeA
1014,2025-04-06T05:46:31.000Z,30.82,76.71,BuildingB_Floor2,TypeB
1016,2025-04-09T14:52:57.000Z,23.68,57.62,BuildingB_Floor1,TypeA
1015,2025-04-09T01:11:19.000Z,34.64,45.74,BuildingA_Floor1,TypeC
1007,2025-04-08T04:31:28.000Z,22.96,36.96,BuildingB_Floor2,TypeC
1043,2025-04-08T18:26:23.000Z,17.06,78.18,BuildingA_Floor2,TypeC
1021,2025-04-06T14:06:05.000Z,23.32,65.16,BuildingB_Floor2,TypeC
1042,2025-04-08T05:27:48.000Z,30.04,45.13,BuildingB_Floor1,TypeA
1097,2025-04-06T15:59:17.000Z,18.44,34.07,BuildingB_Floor2,TypeA
1025,2025-04-06T12:30:44.000Z,25.59,32.86,BuildingA_Floor1,TypeB
1039,2025-04-10T14:01:51.000Z,28.37,44.9,BuildingA_Floor1,TypeC
1046,2025-04-08T19:08:59.000Z,25.65,69.86,BuildingA_Floor2,TypeA
1100,2025-04-09T12:37:28.000Z,31.88,64.9,BuildingA_Floor2,TypeC
1073,2025-04-06T23:57:44.000Z,32.87,47.4,BuildingB_Floor2,TypeA
1040,2025-04-06T05:51:21.000Z,21.54,40.91,BuildingB_Floor2,TypeB
1095,2025-04-09T05:27:58.000Z,30.14,30.44,BuildingB_Floor2,TypeB
1004,2025-04-06T15:54:07.000Z,23.89,74.36,BuildingB_Floor2,TypeA
1031,2025-04-06T10:14:26.000Z,20.78,43.39,BuildingB_Floor1,TypeA
1096,2025-04-08T23:47:19.000Z,25.32,66.59,BuildingA_Floor2,TypeB
1022,2025-04-07T12:07:23.000Z,22.3,39.69,BuildingB_Floor1,TypeB
1024,2025-04-08T03:15:05.000Z,27.8,51.71,BuildingA_Floor1,TypeB
1100,2025-04-09T00:13:45.000Z,30.83,50.42,BuildingB_Floor1,TypeB
1064,2025-04-06T05:51:21.000Z,24.84,44.46,BuildingB_Floor2,TypeC
1094,2025-04-07T11:15:07.000Z,32.14,40.81,BuildingB_Floor1,TypeC
1080,2025-04-09T10:22:09.000Z,17.42,66.7,BuildingB_Floor1,TypeB
1044,2025-04-08T23:14:15.000Z,30.03,74.97,BuildingB_Floor1,TypeB
1075,2025-04-06T00:01:53.000Z,15.08,79.4,BuildingA_Floor2,TypeC
1037,2025-04-06T16:03:33.000Z,24.18,32.47,BuildingA_Floor2,TypeA
1041,2025-04-08T19:32:28.000Z,27.06,50.55,BuildingA_Floor2,TypeB
1043,2025-04-07T13:03:09.000Z,16.23,79.97,BuildingA_Floor1,TypeB
1062,2025-04-07T05:01:21.000Z,31.95,36.09,BuildingB_Floor2,TypeC
1075,2025-04-10T07:23:40.000Z,29.37,65.54,BuildingA_Floor2,TypeB
1056,2025-04-10T15:43:08.000Z,25.76,39.17,BuildingA_Floor1,TypeA
1014,2025-04-10T13:14:12.000Z,29.11,74.54,BuildingB_Floor2,TypeB
1027,2025-04-10T15:56:02.000Z,26.78,37.61,BuildingA_Floor1,TypeA
1019,2025-04-09T08:35:28.000Z,18.56,65.73,BuildingA_Floor2,TypeB
1082,2025-04-06T01:38:58.000Z,19.32,78.51,BuildingB_Floor2,TypeB
1072,2025-04-06T09:11:41.000Z,22.28,43.36,BuildingB_Floor2,TypeC
1004,2025-04-07T19:06:55.000Z,29.48,45.14,BuildingA_Floor2,TypeB
1098,2025-04-09T22:58:16.000Z,34.51,69.4,BuildingA_Floor2,TypeB
1062,2025-04-09T23:53:08.000Z,20.72,38.11,BuildingB_Floor2,TypeC
1056,2025-04-06T13:59:40.000Z,16.42,71.56,BuildingA_Floor2,TypeC
1069,2025-04-10T01:14:40.000Z,30.09,69.4,BuildingB_Floor2,TypeB
1034,2025-04-06T19:00:11.000Z,24.3,37.47,BuildingB_Floor1,TypeC
1095,2025-04-07T14:30:07.000Z,19.25,50.16,BuildingB_Floor2,TypeC
1036,2025-04-07T22:03:41.000Z,19.64,54.05,BuildingB_Floor2,TypeC
1044,2025-04-06T07:36:44.000Z,29.38,61.35,BuildingA_Floor1,TypeB
1023,2025-04-09T08:54:31.000Z,34.94,54.55,BuildingB_Floor1,TypeB
1056,2025-04-08T16:50:21.000Z,21.48,30.23,BuildingA_Floor2,TypeC
1083,2025-04-08T21:42:11.000Z,19.62,43.26,BuildingA_Floor2,TypeC
1015,2025-04-07T00:44:05.000Z,15.21,51.65,BuildingB_Floor2,TypeC
1095,2025-04-09T19:56:54.000Z,24.24,64.92,BuildingA_Floor1,TypeC
1013,2025-04-08T03:18:19.000Z,18.81,45.17,BuildingA_Floor2,TypeC
1047,2025-04-07T20:14:36.000Z,18.3,65.62,BuildingA_Floor2,TypeB
1017,2025-04-07T11:44:19.000Z,20.21,33.06,BuildingA_Floor2,TypeC
1031,2025-04-05T22:37:03.000Z,32.05,42.5,BuildingB_Floor1,TypeA
1026,2025-04-09T05:45:10.000Z,16.06,59.17,BuildingB_Floor2,TypeA
1068,2025-04-05T18:39:23.000Z,24.76,44.47,BuildingB_Floor2,TypeC
1013,2025-04-10T07:14:22.000Z,22.13,42.95,BuildingB_Floor1,TypeA
1038,2025-04-05T17:25:18.000Z,33.08,50.96,BuildingB_Floor1,TypeB
1069,2025-04-10T06:58:02.000Z,16.8,66.96,BuildingA_Floor2,TypeB
1048,2025-04-06T02:16:29.000Z,25.63,34.19,BuildingB_Floor1,TypeC
1099,2025-04-10T15:06:02.000Z,32.53,73.93,BuildingA_Floor1,TypeB
1006,2025-04-07T22:37:56.000Z,20.98,47.07,BuildingB_Floor1,TypeB
1070,2025-04-05T17:59:42.000Z,32.37,51.49,BuildingB_Floor1,TypeC
1010,2025-04-08T19:39:00.000Z,33.79,76.74,BuildingB_Floor2,TypeA
1029,2025-04-10T07:26:25.000Z,21.83,47.77,BuildingA_Floor1,TypeA
1013,2025-04-08T09:18:57.000Z,18.78,47.29,BuildingA_Floor1,TypeC
1073,2025-04-07T02:07:30.000Z,15.4,63.74,BuildingA_Floor1,TypeC
1076,2025-04-06T09:25:53.000Z,33.68,30.9,BuildingB_Floor1,TypeA
1087,2025-04-08T17:09:06.000Z,32.2,51.13,BuildingB_Floor1,TypeB
1072,2025-04-08T12:45:46.000Z,19.08,48.97,BuildingB_Floor1,TypeC
1092,2025-04-08T15:51:08.000Z,21.31,49.1,BuildingA_Floor1,TypeA
1095,2025-04-09T01:38:24.000Z,31.31,45.89,BuildingB_Floor1,TypeC
1051,2025-04-08T02:46:34.000Z,22.4,45.22,BuildingA_Floor1,TypeA
1075,2025-04-08T03:48:50.000Z,25.05,43.17,BuildingB_Floor2,TypeB
1067,2025-04-08T21:41:40.000Z,19.97,39.5,BuildingA_Floor2,TypeB
1084,2025-04-09T17:55:48.000Z,30.53,32.05,BuildingA_Floor2,TypeB
1020,2025-04-08T12:20:03.000Z,19.42,58.63,BuildingA_Floor2,TypeA
1006,2025-04-06T11:23:08.000Z,27.39,43.74,BuildingB_Floor2,TypeC
1017,2025-04-08T19:52:11.000Z,28.71,54.68,BuildingA_Floor2,TypeC
1005,2025-04-08T23:18:35.000Z,16.61,46.35,BuildingA_Floor1,TypeA
1021,2025-04-09T16:15:40.000Z,18.35,60.03,BuildingB_Floor1,TypeB
1085,2025-04-07T11:14:51.000Z,27.65,55.47,BuildingB_Floor1,TypeA
1063,2025-04-06T06:40:58.000Z,19.14,37.0,BuildingA_Floor1,TypeC
1074,2025-04-07T02:37:55.000Z,22.87,44.54,BuildingB_Floor2,TypeC
1047,2025-04-10T14:56:47.000Z,19.51,63.84,BuildingB_Floor2,TypeC
1076,2025-04-08T16:10:40.000Z,19.62,35.81,BuildingB_Floor2,TypeA
1008,2025-04-08T22:27:54.000Z,19.21,64.53,BuildingA_Floor1,TypeB
1075,2025-04-08T02:13:53.000Z,33.99,35.46,BuildingB_Floor2,TypeA
1097,2025-04-07T20:07:37.000Z,34.8,48.9,BuildingA_Floor2,TypeC
1079,2025-04-08T17:06:01.000Z,20.3,42.84,BuildingB_Floor2,TypeB
1090,2025-04-06T16:59:02.000Z,26.41,73.03,BuildingA_Floor1,TypeC
1077,2025-04-07T01:16:30.000Z,26.3,74.69,BuildingB_Floor2,TypeB
1086,2025-04-05T20:09:46.000Z,30.82,69.9,BuildingB_Floor1,TypeA
1066,2025-04-06T04:27:58.000Z,16.66,62.1,BuildingA_Floor2,TypeB
1028,2025-04-06T03:02:20.000Z,17.17,44.75,BuildingB_Floor1,TypeC
1095,2025-04-08T17:10:42.000Z,17.01,60.54,BuildingB_Floor1,TypeB
1020,2025-04-06T08:11:24.000Z,31.78,35.65,BuildingA_Floor1,TypeA
1044,2025-04-09T20:08:49.000Z,15.09,71.65,BuildingA_Floor1,TypeC
1044,2025-04-09T17:54:37.000Z,32.2,31.58,BuildingA_Floor1,TypeA
1071,2025-04-07T14:09:24.000Z,33.25,64.39,BuildingA_Floor1,TypeA
1023,2025-04-08T09:50:32.000Z,22.75,46.18,BuildingA_Floor1,TypeB
1010,2025-04-08T12:28:23.000Z,30.59,58.58,BuildingB_Floor2,TypeA
1026,2025-04-09T13:33:02.000Z,21.87,43.55,BuildingA_Floor1,TypeB
1081,2025-04-10T07:39:31.000Z,32.77,56.11,BuildingA_Floor1,TypeC
1085,2025-04-07T17:54:33.000Z,34.41,66.04,BuildingB_Floor2,TypeB
1005,2025-04-07T08:11:07.000Z,34.71,34.27,BuildingA_Floor2,TypeA
1025,2025-04-05T17:24:08.000Z,27.04,52.32,BuildingB_Floor2,TypeA
1042,2025-04-07T11:29:41.000Z,21.15,46.16,BuildingB_Floor2,TypeB
1007,2025-04-08T10:30:56.000Z,32.31,44.1,BuildingB_Floor1,TypeC
1096,2025-04-08T22:03:00.000Z,23.26,63.86,BuildingA_Floor1,TypeB
1091,2025-04-08T13:31:42.000Z,34.3,33.12,BuildingB_Floor1,TypeA
1027,2025-04-07T06:52:19.000Z,18.54,45.05,BuildingB_Floor1,TypeC
1028,2025-04-08T20:36:29.000Z,26.03,63.8,BuildingA_Floor2,TypeB
1065,2025-04-09T07:35:53.000Z,18.94,44.24,BuildingB_Floor2,TypeC
1017,2025-04-07T15:05:00.000Z,18.98,48.33,BuildingA_Floor1,TypeB
1082,2025-04-10T12:57:25.000Z,24.16,65.52,BuildingA_Floor1,TypeA
1041,2025-04-08T09:14:52.000Z,34.8,43.48,BuildingB_Floor2,TypeA
1042,2025-04-09T14:12:17.000Z,17.24,58.63,BuildingA_Floor2,TypeB
1049,2025-04-06T05:22:45.000Z,16.81,62.45,BuildingA_Floor1,TypeC
1054,2025-04-07T10:45:18.000Z,22.93,50.03,BuildingA_Floor1,TypeB
1039,2025-04-08T09:49:01.000Z,31.47,63.06,BuildingA_Floor1,TypeA
1039,2025-04-07T15:55:18.000Z,24.57,78.13,BuildingA_Floor1,TypeA
1017,2025-04-07T13:41:43.000Z,33.55,39.72,BuildingB_Floor2,TypeA
1027,2025-04-05T17:46:22.000Z,22.43,73.79,BuildingB_Floor2,TypeA
1018,2025-04-08T19:19:50.000Z,21.22,42.35,BuildingA_Floor1,TypeA
1016,2025-04-07T20:55:42.000Z,30.19,37.32,BuildingA_Floor2,TypeC
1023,2025-04-08T05:19:45.000Z,29.7,64.53,BuildingA_Floor2,TypeA
1006,2025-04-08T18:20:52.000Z,28.08,71.27,BuildingA_Floor2,TypeA
1100,2025-04-06T13:52:41.000Z,30.9,50.19,BuildingA_Floor2,TypeB
1088,2025-04-07T16:50:17.000Z,32.22,79.71,BuildingB_Floor1,TypeB
1077,2025-04-06T19:53:32.000Z,17.63,47.97,BuildingB_Floor2,TypeB
1066,2025-04-08T14:06:19.000Z,20.27,46.14,BuildingA_Floor2,TypeB
1079,2025-04-09T21:30:44.000Z,17.95,40.22,BuildingB_Floor2,TypeC
1036,2025-04-10T05:34:27.000Z,20.29,44.02,BuildingA_Floor2,TypeB
1066,2025-04-06T13:43:10.000Z,22.55,61.64,BuildingB_Floor1,TypeC
1052,2025-04-06T09:24:55.000Z,21.88,56.26,BuildingA_Floor1,TypeA
1085,2025-04-05T23:07:17.000Z,19.64,40.7,BuildingB_Floor2,TypeA
1042,2025-04-07T21:47:15.000Z,28.79,50.36,BuildingA_Floor1,TypeC
1036,2025-04-07T19:32:19.000Z,17.36,48.02,BuildingA_Floor2,TypeA
1066,2025-04-07T06:15:00.000Z,28.5,78.34,BuildingB_Floor2,TypeB
1073,2025-04-10T04:27:30.000Z,31.03,66.11,BuildingB_Floor2,TypeC
1036,2025-04-07T04:18:18.000Z,20.04,60.55,BuildingA_Floor2,TypeC
1041,2025-04-10T00:13:11.000Z,34.79,78.35,BuildingB_Floor2,TypeB
1008,2025-04-10T14:03:07.000Z,17.31,66.69,BuildingB_Floor1,TypeC
1030,2025-04-08T20:17:04.000Z,18.74,30.26,BuildingA_Floor1,TypeB
1076,2025-04-08T22:49:56.000Z,19.49,32.09,BuildingB_Floor1,TypeB
1035,2025-04-06T15:22:02.000Z,33.67,67.51,BuildingA_Floor1,TypeA
1056,2025-04-06T21:34:55.000Z,19.68,74.81,BuildingA_Floor1,TypeC
1083,2025-04-08T07:30:02.000Z,18.2,67.19,BuildingA_Floor1,TypeB
1022,2025-04-08T00:30:28.000Z,34.08,47.75,BuildingA_Floor1,TypeB
1032,2025-04-07T10:27:47.000Z,31.8,48.38,BuildingB_Floor1,TypeC
1016,2025-04-07T12:40:26.000Z,19.08,69.21,BuildingA_Floor1,TypeB
1045,2025-04-09T17:20:27.000Z,18.25,39.81,BuildingA_Floor1,TypeC
1039,2025-04-06T05:13:14.000Z,20.88,34.68,BuildingA_Floor2,TypeB
1069,2025-04-08T02:30:13.000Z,17.74,37.72,BuildingB_Floor1,TypeA
1028,2025-04-08T18:48:18.000Z,19.3,56.04,BuildingA_Floor2,TypeC
1074,2025-04-09T15:06:30.000Z,30.68,71.23,BuildingB_Floor2,TypeB
1012,2025-04-10T01:04:08.000Z,24.02,34.74,BuildingB_Floor1,TypeC
1058,2025-04-07T14:42:49.000Z,33.01,56.75,BuildingB_Floor2,TypeC
1052,2025-04-08T02:43:50.000Z,27.04,45.27,BuildingB_Floor1,TypeA
1099,2025-04-09T12:27:07.000Z,20.67,77.52,BuildingB_Floor2,TypeB
1095,2025-04-09T00:54:21.000Z,32.18,72.96,BuildingA_Floor2,TypeA
1089,2025-04-07T23:26:18.000Z,31.25,56.82,BuildingA_Floor1,TypeA
1059,2025-04-06T19:12:44.000Z,15.18,45.62,BuildingB_Floor2,TypeC
1048,2025-04-10T04:40:13.000Z,17.67,70.16,BuildingA_Floor1,TypeA
1084,2025-04-09T19:50:15.000Z,34.6,43.83,BuildingB_Floor2,TypeA
1092,2025-04-07T17:31:35.000Z,28.45,58.8,BuildingA_Floor2,TypeC
1042,2025-04-08T19:24:04.000Z,17.34,60.03,BuildingB_Floor2,TypeA
1052,2025-04-08T06:37:13.000Z,17.6,56.14,BuildingB_Floor1,TypeB
1089,2025-04-06T14:20:12.000Z,26.45,30.1,BuildingA_Floor1,TypeB
1089,2025-04-10T01:07:39.000Z,25.36,60.12,BuildingA_Floor2,TypeC
1084,2025-04-06T17:46:46.000Z,30.55,53.39,BuildingA_Floor1,TypeC
1018,2025-04-09T17:40:19.000Z,16.7,72.76,BuildingA_Floor2,TypeB
1001,2025-04-08T15:24:21.000Z,29.97,72.45,BuildingB_Floor1,TypeC
1034,2025-04-07T10:02:03.000Z,23.14,60.83,BuildingB_Floor1,TypeC
1046,2025-04-07T13:08:35.000Z,30.92,77.38,BuildingB_Floor2,TypeB
1076,2025-04-06T15:00:42.000Z,21.34,77.22,BuildingB_Floor1,TypeC
1098,2025-04-06T19:58:24.000Z,34.33,76.31,BuildingB_Floor2,TypeA
1038,2025-04-06T21:10:53.000Z,22.46,30.94,BuildingB_Floor1,TypeB
1047,2025-04-09T02:16:13.000Z,18.99,73.66,BuildingB_Floor1,TypeC
1034,2025-04-06T07:10:02.000Z,34.51,56.47,BuildingB_Floor1,TypeB
1055,2025-04-06T13:03:50.000Z,15.81,31.66,BuildingA_Floor2,TypeB
1046,2025-04-07T15:12:55.000Z,27.94,59.49,BuildingB_Floor2,TypeC
1018,2025-04-08T12:35:29.000Z,25.48,56.12,BuildingA_Floor2,TypeC
1076,2025-04-08T08:53:16.000Z,30.58,45.71,BuildingB_Floor1,TypeB
1015,2025-04-06T00:09:04.000Z,16.51,31.39,BuildingA_Floor1,TypeC
1074,2025-04-10T05:03:29.000Z,31.9,56.84,BuildingA_Floor2,TypeC
1056,2025-04-06T21:56:37.000Z,20.32,45.93,BuildingB_Floor1,TypeA
1060,2025-04-10T07:11:37.000Z,18.35,55.12,BuildingA_Floor1,TypeC
1061,2025-04-10T05:31:13.000Z,19.22,61.31,BuildingB_Floor1,TypeB
1007,2025-04-07T13:03:34.000Z,29.82,74.82,BuildingB_Floor1,TypeB
1075,2025-04-09T10:48:44.000Z,20.83,38.66,BuildingA_Floor2,TypeA
1006,2025-04-10T03:33:39.000Z,21.77,67.85,BuildingA_Floor1,TypeC
1035,2025-04-09T10:29:47.000Z,28.21,63.69,BuildingA_Floor1,TypeB
1093,2025-04-08T11:31:29.000Z,15.24,56.75,BuildingA_Floor1,TypeC
1021,2025-04-06T18:40:39.000Z,28.26,50.16,BuildingB_Floor2,TypeB
1064,2025-04-09T22:18:20.000Z,25.66,50.79,BuildingA_Floor2,TypeC
1009,2025-04-06T17:25:37.000Z,20.6,31.86,BuildingB_Floor2,TypeB
1024,2025-04-06T08:31:33.000Z,27.26,79.99,BuildingA_Floor1,TypeC
1027,2025-04-10T11:05:51.000Z,16.03,43.29,BuildingB_Floor2,TypeB
1054,2025-04-10T15:04:30.000Z,29.13,56.66,BuildingB_Floor1,TypeC
1099,2025-04-05T23:49:18.000Z,30.77,71.34,BuildingA_Floor1,TypeA
1014,2025-04-06T19:21:01.000Z,18.05,56.05,BuildingA_Floor1,TypeB
1092,2025-04-06T19:59:41.000Z,31.09,59.12,BuildingA_Floor2,TypeB
1026,2025-04-08T01:48:03.000Z,24.78,44.63,BuildingA_Floor2,TypeC
1070,2025-04-05T17:59:12.000Z,29.55,55.12,BuildingA_Floor1,TypeB
1093,2025-04-09T13:10:54.000Z,29.81,45.88,BuildingA_Floor1,TypeA
1071,2025-04-10T12:44:50.000Z,19.59,55.17,BuildingB_Floor1,TypeC
1066,2025-04-06T15:15:39.000Z,28.1,72.02,BuildingA_Floor1,TypeA
1096,2025-04-08T16:20:08.000Z,18.38,69.81,BuildingB_Floor1,TypeC
1011,2025-04-09T08:03:23.000Z,23.46,66.51,BuildingA_Floor1,TypeA
1019,2025-04-07T19:23:13.000Z,26.67,55.81,BuildingA_Floor2,TypeA
1055,2025-04-07T12:50:21.000Z,16.92,38.19,BuildingA_Floor1,TypeC
1010,2025-04-05T20:20:23.000Z,18.48,71.93,BuildingA_Floor2,TypeB
1072,2025-04-07T03:58:25.000Z,23.42,68.01,BuildingA_Floor1,TypeB
1055,2025-04-07T20:03:08.000Z,15.17,78.91,BuildingB_Floor1,TypeB
1040,2025-04-08T18:47:07.000Z,17.98,35.68,BuildingB_Floor2,TypeB
1051,2025-04-09T13:07:30.000Z,34.0,47.43,BuildingB_Floor1,TypeC
1011,2025-04-06T09:35:46.000Z,25.88,42.47,BuildingA_Floor2,TypeC
1084,2025-04-09T16:34:34.000Z,28.24,72.13,BuildingA_Floor1,TypeC
1020,2025-04-07T16:54:55.000Z,23.79,64.9,BuildingA_Floor1,TypeB
1075,2025-04-05T20:43:04.000Z,25.84,57.02,BuildingB_Floor1,TypeA
1083,2025-04-06T08:09:25.000Z,27.32,51.84,BuildingA_Floor1,TypeC
1048,2025-04-06T12:52:19.000Z,31.24,37.23,BuildingB_Floor2,TypeA
1048,2025-04-10T15:05:41.000Z,21.18,59.11,BuildingA_Floor1,TypeA
1007,2025-04-06T21:09:03.000Z,26.37,62.56,BuildingA_Floor1,TypeB
1058,2025-04-10T07:54:29.000Z,34.77,67.58,BuildingB_Floor2,TypeA
1030,2025-04-09T03:28:08.000Z,30.25,37.0,BuildingA_Floor1,TypeC
1049,2025-04-06T14:38:51.000Z,32.67,71.6,BuildingB_Floor2,TypeB
1029,2025-04-09T06:28:31.000Z,15.16,71.72,BuildingB_Floor2,TypeA
1058,2025-04-07T01:42:51.000Z,15.74,76.4,BuildingA_Floor2,TypeC
1010,2025-04-06T22:40:32.000Z,21.16,59.45,BuildingA_Floor2,TypeA
1064,2025-04-08T10:06:02.000Z,23.8,55.47,BuildingA_Floor1,TypeC
1094,2025-04-08T23:07:28.000Z,16.37,51.5,BuildingA_Floor2,TypeA
1058,2025-04-06T16:45:48.000Z,19.59,32.3,BuildingB_Floor1,TypeC
1077,2025-04-05T21:58:21.000Z,18.97,34.86,BuildingA_Floor2,TypeC
1086,2025-04-09T20:49:19.000Z,16.98,62.79,BuildingB_Floor2,TypeB
1024,2025-04-08T19:02:24.000Z,27.67,67.42,BuildingA_Floor2,TypeB
1050,2025-04-07T09:36:05.000Z,18.12,36.46,BuildingB_Floor2,TypeB
1012,2025-04-08T23:53:08.000Z,28.18,74.73,BuildingB_Floor2,TypeA
1096,2025-04-09T12:08:06.000Z,33.39,53.07,BuildingB_Floor2,TypeB
1002,2025-04-09T15:14:33.000Z,34.61,34.64,BuildingA_Floor1,TypeB
1065,2025-04-10T04:54:47.000Z,28.93,39.28,BuildingA_Floor2,TypeA
1028,2025-04-09T10:36:34.000Z,32.8,32.39,BuildingB_Floor1,TypeC
1057,2025-04-08T09:46:41.000Z,24.76,30.41,BuildingB_Floor1,TypeA
1050,2025-04-08T02:31:46.000Z,32.97,77.99,BuildingB_Floor2,TypeB
1056,2025-04-09T01:12:58.000Z,18.07,74.61,BuildingB_Floor1,TypeB
1049,2025-04-05T22:40:59.000Z,23.25,49.13,BuildingA_Floor2,TypeC
1022,2025-04-06T17:08:17.000Z,23.47,62.54,BuildingB_Floor2,TypeB
1013,2025-04-08T14:06:02.000Z,25.54,51.33,BuildingB_Floor2,TypeA
1029,2025-04-09T22:16:27.000Z,30.03,63.75,BuildingA_Floor1,TypeA
1038,2025-04-09T15:15:31.000Z,32.15,67.32,BuildingB_Floor2,TypeC
1005,2025-04-09T14:31:19.000Z,15.3,61.79,BuildingA_Floor2,TypeB
1088,2025-04-10T00:15:56.000Z,16.25,67.56,BuildingA_Floor2,TypeC
1088,2025-04-09T18:04:19.000Z,29.99,51.16,BuildingB_Floor1,TypeB
1035,2025-04-08T17:06:18.000Z,20.52,47.05,BuildingB_Floor2,TypeC
1031,2025-04-08T14:55:19.000Z,26.45,51.93,BuildingB_Floor1,TypeA
1059,2025-04-05T20:46:30.000Z,15.38,33.79,BuildingB_Floor2,TypeC
1030,2025-04-09T04:11:07.000Z,22.12,46.96,BuildingB_Floor1,TypeC
1011,2025-04-08T00:45:31.000Z,30.08,63.78,BuildingB_Floor1,TypeC
1074,2025-04-07T01:58:52.000Z,33.27,71.46,BuildingA_Floor1,TypeB
1002,2025-04-05T19:18:55.000Z,21.17,46.62,BuildingA_Floor1,TypeB
1057,2025-04-06T10:22:31.000Z,25.52,57.26,BuildingA_Floor2,TypeB
1078,2025-04-08T07:45:59.000Z,32.66,46.3,BuildingB_Floor2,TypeA
1072,2025-04-07T04:55:34.000Z,28.59,74.58,BuildingA_Floor1,TypeA
1038,2025-04-07T18:45:44.000Z,23.73,58.66,BuildingA_Floor1,TypeC
1026,2025-04-05T23:34:06.000Z,22.75,62.68,BuildingB_Floor2,TypeA
1046,2025-04-08T03:26:12.000Z,31.14,30.56,BuildingA_Floor2,TypeB
1064,2025-04-10T12:39:51.000Z,16.92,36.72,BuildingB_Floor1,TypeB
1067,2025-04-07T14:10:02.000Z,31.56,58.04,BuildingA_Floor2,TypeA
1092,2025-04-10T11:57:12.000Z,15.36,31.61,BuildingB_Floor2,TypeC
1018,2025-04-08T17:49:56.000Z,27.74,53.36,BuildingB_Floor1,TypeC
1065,2025-04-07T10:36:00.000Z,33.21,48.18,BuildingA_Floor2,TypeC
1085,2025-04-06T01:27:40.000Z,27.9,34.44,BuildingA_Floor2,TypeC
1099,2025-04-07T03:39:23.000Z,23.08,37.42,BuildingA_Floor2,TypeA
1072,2025-04-10T03:02:04.000Z,17.38,52.59,BuildingB_Floor1,TypeB
1073,2025-04-09T16:35:32.000Z,32.34,64.23,BuildingB_Floor2,TypeB
1012,2025-04-08T02:53:42.000Z,23.17,65.58,BuildingA_Floor2,TypeC
1068,2025-04-06T05:56:23.000Z,15.52,58.22,BuildingB_Floor1,TypeB
1042,2025-04-09T15:45:31.000Z,15.29,68.81,BuildingA_Floor2,TypeC
1018,2025-04-09T22:37:16.000Z,21.3,61.05,BuildingA_Floor2,TypeB
1045,2025-04-09T21:19:47.000Z,29.68,77.53,BuildingA_Floor2,TypeB
1018,2025-04-08T09:25:36.000Z,24.68,65.89,BuildingA_Floor2,TypeC
1024,2025-04-10T01:48:21.000Z,20.24,79.67,BuildingA_Floor1,TypeB
1056,2025-04-05T21:49:27.000Z,31.56,73.71,BuildingB_Floor1,TypeA
1065,2025-04-05T23:35:08.000Z,28.28,68.94,BuildingA_Floor1,TypeA
1049,2025-04-09T22:37:21.000Z,27.87,59.62,BuildingB_Floor2,TypeC
1026,2025-04-07T05:59:58.000Z,32.55,73.2,BuildingB_Floor2,TypeB
1014,2025-04-10T02:26:11.000Z,24.88,46.86,BuildingA_Floor2,TypeB
1040,2025-04-09T14:49:00.000Z,18.46,33.42,BuildingA_Floor2,TypeB
1054,2025-04-08T20:17:15.000Z,15.06,35.39,BuildingB_Floor2,TypeC
1012,2025-04-06T04:58:07.000Z,24.28,46.11,BuildingA_Floor2,TypeB
1057,2025-04-07T12:11:11.000Z,25.25,52.21,BuildingB_Floor1,TypeA
1086,2025-04-07T20:33:06.000Z,25.78,71.88,BuildingA_Floor2,TypeB
1088,2025-04-07T07:04:04.000Z,30.46,32.94,BuildingB_Floor2,TypeC
1019,2025-04-08T12:38:41.000Z,21.76,75.15,BuildingB_Floor1,TypeA
1073,2025-04-06T19:59:13.000Z,25.62,72.58,BuildingA_Floor2,TypeC
1040,2025-04-07T03:05:04.000Z,17.39,31.55,BuildingA_Floor2,TypeA
1060,2025-04-06T14:33:07.000Z,33.22,57.49,BuildingB_Floor2,TypeB
1032,2025-04-07T19:16:05.000Z,29.72,65.38,BuildingB_Floor1,TypeC
1072,2025-04-07T02:00:12.000Z,31.95,76.91,BuildingA_Floor2,TypeC
1100,2025-04-06T11:53:20.000Z,30.89,67.06,BuildingA_Floor1,TypeA
1023,2025-04-09T20:45:37.000Z,19.21,40.6,BuildingA_Floor1,TypeA
1022,2025-04-07T14:16:11.000Z,20.19,72.63,BuildingA_Floor1,TypeB
1087,2025-04-06T11:25:13.000Z,32.97,75.24,BuildingB_Floor1,TypeA
1037,2025-04-10T12:18:40.000Z,26.98,46.93,BuildingB_Floor2,TypeC
1037,2025-04-07T05:07:26.000Z,15.75,68.84,BuildingB_Floor2,TypeC
1035,2025-04-07T03:33:41.000Z,21.63,30.0,BuildingA_Floor2,TypeB
1013,2025-04-07T20:18:17.000Z,22.1,43.15,BuildingA_Floor2,TypeA
1059,2025-04-06T08:44:32.000Z,26.95,46.91,BuildingA_Floor2,TypeB
1079,2025-04-07T06:05:15.000Z,28.5,62.04,BuildingA_Floor2,TypeB
1095,2025-04-07T09:19:33.000Z,34.17,78.6,BuildingA_Floor2,TypeA
1049,2025-04-06T13:03:30.000Z,16.97,74.7,BuildingA_Floor1,TypeA
1099,2025-04-09T10:38:48.000Z,23.36,44.61,BuildingB_Floor2,TypeA
1001,2025-04-10T04:57:30.000Z,18.3,77.39,BuildingA_Floor1,TypeB
1037,2025-04-07T14:40:14.000Z,22.45,48.72,BuildingA_Floor2,TypeC
1090,2025-04-07T08:42:49.000Z,34.88,63.28,BuildingA_Floor1,TypeC
1038,2025-04-09T23:13:50.000Z,21.53,43.5,BuildingB_Floor1,TypeB
1040,2025-04-07T05:27:50.000Z,25.89,45.72,BuildingA_Floor1,TypeA
1040,2025-04-07T08:25:22.000Z,29.96,54.27,BuildingA_Floor2,TypeC
1035,2025-04-09T18:53:23.000Z,21.83,46.85,BuildingA_Floor1,TypeA
1040,2025-04-06T20:46:39.000Z,29.1,32.97,BuildingA_Floor1,TypeC
1029,2025-04-08T09:31:58.000Z,31.11,32.54,BuildingB_Floor2,TypeA
1039,2025-04-06T08:36:53.000Z,17.49,41.61,BuildingB_Floor2,TypeB
1094,2025-04-05T19:16:53.000Z,31.62,62.15,BuildingA_Floor1,TypeB
1081,2025-04-10T04:51:58.000Z,19.42,77.9,BuildingA_Floor1,TypeA
1091,2025-04-06T04:20:13.000Z,33.16,55.25,BuildingA_Floor2,TypeB
1026,2025-04-06T14:03:29.000Z,15.63,38.63,BuildingA_Floor2,TypeA
1034,2025-04-09T21:54:04.000Z,29.41,40.83,BuildingB_Floor1,TypeC
1039,2025-04-10T14:30:54.000Z,27.74,42.15,BuildingB_Floor2,TypeB
1082,2025-04-07T15:07:33.000Z,23.9,59.11,BuildingA_Floor2,TypeB
1078,2025-04-09T11:18:59.000Z,27.34,44.07,BuildingA_Floor2,TypeA
1020,2025-04-09T20:55:34.000Z,22.76,72.86,BuildingA_Floor2,TypeA
1055,2025-04-10T08:38:50.000Z,24.14,39.67,BuildingB_Floor1,TypeC
1087,2025-04-08T22:14:26.000Z,19.22,72.14,BuildingA_Floor1,TypeC
1004,2025-04-10T04:33:20.000Z,33.35,48.94,BuildingA_Floor1,TypeA
1098,2025-04-07T01:57:53.000Z,18.52,58.68,BuildingB_Floor2,TypeB
1069,2025-04-07T04:09:11.000Z,28.83,59.86,BuildingA_Floor2,TypeB
1002,2025-04-06T18:05:36.000Z,27.0,54.89,BuildingA_Floor1,TypeA
1058,2025-04-06T01:18:13.000Z,18.27,41.59,BuildingA_Floor2,TypeB
1033,2025-04-07T17:30:59.000Z,15.76,38.54,BuildingA_Floor1,TypeC
1008,2025-04-09T14:06:57.000Z,27.9,74.89,BuildingB_Floor1,TypeB
1011,2025-04-09T18:33:15.000Z,21.44,56.98,BuildingA_Floor2,TypeA
1028,2025-04-06T19:14:00.000Z,22.17,37.18,BuildingA_Floor1,TypeB
1003,2025-04-10T14:05:02.000Z,32.33,68.56,BuildingB_Floor1,TypeB
1067,2025-04-08T17:31:34.000Z,19.01,50.82,BuildingB_Floor2,TypeB
1092,2025-04-09T21:35:10.000Z,34.05,74.03,BuildingB_Floor2,TypeC
1084,2025-04-05T17:01:35.000Z,23.3,54.56,BuildingB_Floor2,TypeA
1088,2025-04-09T22:10:41.000Z,18.72,38.86,BuildingB_Floor2,TypeC
1073,2025-04-08T03:14:48.000Z,24.55,54.46,BuildingA_Floor2,TypeC
1058,2025-04-08T22:51:43.000Z,28.05,48.77,BuildingB_Floor1,TypeA
1060,2025-04-09T04:08:49.000Z,30.98,59.05,BuildingA_Floor1,TypeA
1006,2025-04-09T15:04:01.000Z,31.76,45.7,BuildingB_Floor2,TypeA
1085,2025-04-09T14:54:29.000Z,22.23,52.07,BuildingB_Floor2,TypeA
1032,2025-04-09T21:40:22.000Z,17.61,45.56,BuildingA_Floor2,TypeC
1087,2025-04-06T16:38:12.000Z,20.43,39.52,BuildingB_Floor1,TypeB
1091,2025-04-07T14:48:24.000Z,30.13,66.29,BuildingB_Floor2,TypeC
1048,2025-04-08T22:12:13.000Z,34.76,51.23,BuildingA_Floor1,TypeB
1066,2025-04-07T09:11:39.000Z,28.41,70.71,BuildingA_Floor1,TypeA
1071,2025-04-05T21:48:58.000Z,29.87,46.72,BuildingB_Floor1,TypeC
1059,2025-04-06T06:47:50.000Z,18.41,64.16,BuildingB_Floor2,TypeA
1062,2025-04-07T02:27:26.000Z,20.43,32.8,BuildingB_Floor2,TypeB
1097,2025-04-07T01:02:46.000Z,24.14,75.34,BuildingB_Floor1,TypeB
1091,2025-04-09T18:42:39.000Z,23.13,31.97,BuildingB_Floor2,TypeB
1036,2025-04-09T15:02:14.000Z,15.49,36.22,BuildingB_Floor2,TypeA
1016,2025-04-08T03:56:01.000Z,29.56,77.67,BuildingB_Floor1,TypeB
1029,2025-04-06T02:55:39.000Z,24.0,49.09,BuildingA_Floor1,TypeB
1068,2025-04-09T23:04:46.000Z,24.55,55.1,BuildingB_Floor2,TypeA
1041,2025-04-07T22:26:10.000Z,27.02,51.67,BuildingA_Floor1,TypeA
1064,2025-04-08T11:42:28.000Z,31.24,61.2,BuildingA_Floor1,TypeB
